{"type":"FeatureCollection","name":"buildings","features":[
{"type":"Feature","properties":{"osm_ref":2000090,"archetype":"GENERIC","use":"COMMERCIAL","levels":4,"flags":0,"height_cm":0,"min_height_cm":0,"roof_shape":"UNKNOWN","roof_material":"UNKNOWN","wall_material":"UNKNOWN","seed":268100694,"tile":"10/516/162"},"geometry":{"type":"Polygon","coordinates":[[[85.3039047,27.7163547],[85.3040518,27.7163546],[85.3040519,27.7164681],[85.3039047,27.7164682],[85.3039047,27.7163547]]]}},
{"type":"Feature","properties":{"osm_ref":2000092,"archetype":"MODERN_URBAN","use":"HOTEL","levels":3,"flags":1,"height_cm":0,"min_height_cm":0,"roof_shape":"FLAT","roof_material":"UNKNOWN","wall_material":"PLASTER","seed":2532554220,"tile":"10/516/162"},"geometry":{"type":"Polygon","coordinates":[[[85.3039088,27.7165937],[85.3040559,27.7165958],[85.3040536,27.7167263],[85.3039065,27.7167242],[85.3039088,27.7165937]]]}},
{"type":"Feature","properties":{"osm_ref":2000094,"archetype":"MODERN_URBAN","use":"HOUSE","levels":4,"flags":1,"height_cm":0,"min_height_cm":0,"roof_shape":"FLAT","roof_material":"UNKNOWN","wall_material":"PLASTER","seed":3790898554,"tile":"10/516/162"},"geometry":{"type":"Polygon","coordinates":[[[85.3039089,27.7167363],[85.3040561,27.7167358],[85.3040564,27.7168254],[85.3039093,27.7168259],[85.3039089,27.7167363]]]}},
{"type":"Feature","properties":{"osm_ref":2000096,"archetype":"MODERN_URBAN","use":"APARTMENTS","levels":5,"flags":1,"height_cm":0,"min_height_cm":0,"roof_shape":"FLAT","roof_material":"UNKNOWN","wall_material":"PLASTER","seed":1900779755,"tile":"10/516/162"},"geometry":{"type":"Polygon","coordinates":[[[85.3040647,27.7163526],[85.3041832,27.716354],[85.3041817,27.7164594],[85.3040632,27.7164581],[85.3040647,27.7163526]]]}},
{"type":"Feature","properties":{"osm_ref":2000098,"archetype":"GENERIC","use":"HOTEL","levels":6,"flags":1,"height_cm":0,"min_height_cm":0,"roof_shape":"UNKNOWN","roof_material":"UNKNOWN","wall_material":"UNKNOWN","seed":105687165,"tile":"10/516/162"},"geometry":{"type":"Polygon","coordinates":[[[85.3040649,27.7164701],[85.3041834,27.7164691],[85.3041845,27.7165901],[85.304066,27.716591],[85.3040649,27.7164701]]]}},
{"type":"Feature","properties":{"osm_ref":2000100,"archetype":"MODERN_URBAN","use":"APARTMENTS","levels":5,"flags":1,"height_cm":0,"min_height_cm":0,"roof_shape":"FLAT","roof_material":"UNKNOWN","wall_material":"PLASTER","seed":1720394136,"tile":"10/516/162"},"geometry":{"type":"Polygon","coordinates":[[[85.3040659,27.7166022],[85.3041844,27.7166005],[85.3041866,27.7167238],[85.3040681,27.7167255],[85.3040659,27.7166022]]]}},
{"type":"Feature","properties":{"osm_ref":2000102,"archetype":"NEWAR","use":"HOTEL","levels":3,"flags":1,"height_cm":0,"min_height_cm":0,"roof_shape":"UNKNOWN","roof_material":"UNKNOWN","wall_material":"BRICK","seed":294392078,"tile":"10/516/162"},"geometry":{"type":"Polygon","coordinates":[[[85.3041943,27.7163524],[85.3043278,27.7163516],[85.3043284,27.7164495],[85.3041949,27.7164502],[85.3041943,27.7163524]]]}},
{"type":"Feature","properties":{"osm_ref":2000104,"archetype":"MODERN_URBAN","use":"COMMERCIAL","levels":3,"flags":1,"height_cm":0,"min_height_cm":0,"roof_shape":"FLAT","roof_material":"UNKNOWN","wall_material":"PLASTER","seed":2290434228,"tile":"10/516/162"},"geometry":{"type":"Polygon","coordinates":[[[85.304195,27.7164617],[85.3043285,27.7164597],[85.3043303,27.7165595],[85.3041968,27.7165615],[85.304195,27.7164617]]]}},
{"type":"Feature","properties":{"osm_ref":2000106,"archetype":"NEWAR","use":"HOTEL","levels":3,"flags":1,"height_cm":0,"min_height_cm":0,"roof_shape":"UNKNOWN","roof_material":"UNKNOWN","wall_material":"BRICK","seed":4286738466,"tile":"10/516/162"},"geometry":{"type":"Polygon","coordinates":[[[85.3041978,27.716571],[85.3043313,27.7165716],[85.3043305,27.7167034],[85.304197,27.7167028],[85.3041978,27.716571]]]}},
{"type":"Feature","properties":{"osm_ref":2000108,"archetype":"NEWAR","use":"UNKNOWN","levels":4,"flags":1,"height_cm":0,"min_height_cm":0,"roof_shape":"UNKNOWN","roof_material":"UNKNOWN","wall_material":"BRICK","seed":1642521985,"tile":"10/516/162"},"geometry":{"type":"Polygon","coordinates":[[[85.3041996,27.7168289],[85.3043332,27.7168275],[85.3043345,27.7169386],[85.304201,27.7169399],[85.3041996,27.7168289]]]}},
{"type":"Feature","properties":{"osm_ref":2000110,"archetype":"MODERN_URBAN","use":"APARTMENTS","levels":6,"flags":1,"height_cm":0,"min_height_cm":0,"roof_shape":"FLAT","roof_material":"UNKNOWN","wall_material":"PLASTER","seed":383898903,"tile":"10/516/162"},"geometry":{"type":"Polygon","coordinates":[[[85.3043416,27.7163496],[85.3044815,27.7163516],[85.3044792,27.7164805],[85.3043393,27.7164786],[85.3043416,27.7163496]]]}},
{"type":"Feature","properties":{"osm_ref":2000112,"archetype":"MODERN_URBAN","use":"APARTMENTS","levels":5,"flags":1,"height_cm":0,"min_height_cm":0,"roof_shape":"FLAT","roof_material":"UNKNOWN","wall_material":"PLASTER","seed":2414380205,"tile":"10/516/162"},"geometry":{"type":"Polygon","coordinates":[[[85.3043413,27.716491],[85.3044812,27.7164897],[85.3044824,27.7165871],[85.3043426,27.7165885],[85.3043413,27.716491]]]}},
{"type":"Feature","properties":{"osm_ref":2000114,"archetype":"GENERIC","use":"UNKNOWN","levels":5,"flags":1,"height_cm":0,"min_height_cm":0,"roof_shape":"UNKNOWN","roof_material":"UNKNOWN","wall_material":"UNKNOWN","seed":4176458811,"tile":"10/516/162"},"geometry":{"type":"Polygon","coordinates":[[[85.3043433,27.7165988],[85.3044832,27.7165986],[85.3044833,27.7167186],[85.3043435,27.7167187],[85.3043433,27.7165988]]]}},
{"type":"Feature","properties":{"osm_ref":2000116,"archetype":"MODERN_URBAN","use":"COMMERCIAL","levels":3,"flags":1,"height_cm":0,"min_height_cm":0,"roof_shape":"FLAT","roof_material":"UNKNOWN","wall_material":"PLASTER","seed":1750116778,"tile":"10/516/162"},"geometry":{"type":"Polygon","coordinates":[[[85.3043456,27.7167288],[85.3044855,27.7167302],[85.304484,27.7168451],[85.3043442,27.7168437],[85.3043456,27.7167288]]]}},
{"type":"Feature","properties":{"osm_ref":2000118,"archetype":"GENERIC","use":"UNKNOWN","levels":3,"flags":1,"height_cm":0,"min_height_cm":0,"roof_shape":"UNKNOWN","roof_material":"UNKNOWN","wall_material":"UNKNOWN","seed":525834556,"tile":"10/516/162"},"geometry":{"type":"Polygon","coordinates":[[[85.3044932,27.7163484],[85.3046482,27.7163497],[85.3046469,27.7164768],[85.3044918,27.7164755],[85.3044932,27.7163484]]]}},
{"type":"Feature","properties":{"osm_ref":2000120,"archetype":"GENERIC","use":"APARTMENTS","levels":5,"flags":1,"height_cm":0,"min_height_cm":0,"roof_shape":"UNKNOWN","roof_material":"UNKNOWN","wall_material":"UNKNOWN","seed":1302753883,"tile":"10/516/162"},"geometry":{"type":"Polygon","coordinates":[[[85.3044933,27.7165887],[85.3046483,27.7165848],[85.3046525,27.7167144],[85.3044975,27.7167183],[85.3044933,27.7165887]]]}},
{"type":"Feature","properties":{"osm_ref":2000122,"archetype":"MODERN_URBAN","use":"HOTEL","levels":5,"flags":1,"height_cm":0,"min_height_cm":0,"roof_shape":"FLAT","roof_material":"UNKNOWN","wall_material":"PLASTER","seed":983646925,"tile":"10/516/162"},"geometry":{"type":"Polygon","coordinates":[[[85.304497,27.7167269],[85.3046521,27.7167275],[85.3046516,27.7168216],[85.3044966,27.716821],[85.304497,27.7167269]]]}},
{"type":"Feature","properties":{"osm_ref":2000124,"archetype":"MODERN_URBAN","use":"HOTEL","levels":3,"flags":1,"height_cm":0,"min_height_cm":0,"roof_shape":"FLAT","roof_material":"UNKNOWN","wall_material":"PLASTER","seed":2745701239,"tile":"10/516/162"},"geometry":{"type":"Polygon","coordinates":[[[85.3046606,27.7163466],[85.3047962,27.7163487],[85.3047942,27.7164525],[85.3046586,27.7164504],[85.3046606,27.7163466]]]}},
{"type":"Feature","properties":{"osm_ref":2000126,"archetype":"GENERIC","use":"MIXED_USE","levels":3,"flags":1,"height_cm":0,"min_height_cm":0,"roof_shape":"UNKNOWN","roof_material":"UNKNOWN","wall_material":"UNKNOWN","seed":3568247777,"tile":"10/516/162"},"geometry":{"type":"Polygon","coordinates":[[[85.30466,27.7164633],[85.3047956,27.7164614],[85.3047979,27.7165903],[85.3046622,27.7165922],[85.30466,27.7164633]]]}},
{"type":"Feature","properties":{"osm_ref":2000128,"archetype":"MODERN_URBAN","use":"APARTMENTS","levels":3,"flags":1,"height_cm":0,"min_height_cm":0,"roof_shape":"FLAT","roof_material":"UNKNOWN","wall_material":"PLASTER","seed":1254864450,"tile":"10/516/162"},"geometry":{"type":"Polygon","coordinates":[[[85.3046612,27.7166035],[85.3047968,27.7166007],[85.3047998,27.7167153],[85.3046642,27.7167181],[85.3046612,27.7166035]]]}},
{"type":"Feature","properties":{"osm_ref":2000130,"archetype":"GENERIC","use":"HOUSE","levels":5,"flags":1,"height_cm":0,"min_height_cm":0,"roof_shape":"UNKNOWN","roof_material":"UNKNOWN","wall_material":"UNKNOWN","seed":1036814036,"tile":"10/516/162"},"geometry":{"type":"Polygon","coordinates":[[[85.3046616,27.71673],[85.3047971,27.7167252],[85.3048025,27.7168448],[85.3046669,27.7168496],[85.3046616,27.71673]]]}},
{"type":"Feature","properties":{"osm_ref":2000132,"archetype":"MODERN_URBAN","use":"HOTEL","levels":5,"flags":1,"height_cm":0,"min_height_cm":0,"roof_shape":"FLAT","roof_material":"UNKNOWN","wall_material":"PLASTER","seed":2764429166,"tile":"10/516/162"},"geometry":{"type":"Polygon","coordinates":[[[85.3048065,27.7163471],[85.304964,27.7163451],[85.3049659,27.7164631],[85.3048084,27.7164651],[85.3048065,27.7163471]]]}},
{"type":"Feature","properties":{"osm_ref":2000134,"archetype":"MODERN_URBAN","use":"MIXED_USE","levels":4,"flags":1,"height_cm":0,"min_height_cm":0,"roof_shape":"FLAT","roof_material":"UNKNOWN","wall_material":"PLASTER","seed":3552765944,"tile":"10/516/162"},"geometry":{"type":"Polygon","coordinates":[[[85.3048102,27.7164738],[85.3049677,27.7164761],[85.3049654,27.7166036],[85.3048079,27.7166013],[85.3048102,27.7164738]]]}},
{"type":"Feature","properties":{"osm_ref":2000136,"archetype":"GENERIC","use":"MIXED_USE","levels":4,"flags":1,"height_cm":0,"min_height_cm":0,"roof_shape":"UNKNOWN","roof_material":"UNKNOWN","wall_material":"UNKNOWN","seed":1132329577,"tile":"10/516/162"},"geometry":{"type":"Polygon","coordinates":[[[85.3048113,27.7166122],[85.3049687,27.7166144],[85.3049671,27.7167029],[85.3048097,27.7167006],[85.3048113,27.7166122]]]}},
{"type":"Feature","properties":{"osm_ref":2000138,"archetype":"MODERN_URBAN","use":"APARTMENTS","levels":4,"flags":1,"height_cm":0,"min_height_cm":0,"roof_shape":"FLAT","roof_material":"UNKNOWN","wall_material":"PLASTER","seed":880462591,"tile":"10/516/162"},"geometry":{"type":"Polygon","coordinates":[[[85.3048114,27.716713],[85.3049688,27.7167122],[85.3049695,27.7168132],[85.3048121,27.716814],[85.3048114,27.716713]]]}},
{"type":"Feature","properties":{"osm_ref":2000140,"archetype":"GENERIC","use":"COMMERCIAL","levels":5,"flags":0,"height_cm":0,"min_height_cm":0,"roof_shape":"UNKNOWN","roof_material":"UNKNOWN","wall_material":"UNKNOWN","seed":1421689626,"tile":"10/516/162"},"geometry":{"type":"Polygon","coordinates":[[[85.3048135,27.7168238],[85.304971,27.716825],[85.30497,27.7169234],[85.3048126,27.7169222],[85.3048135,27.7168238]]]}},
{"type":"Feature","properties":{"osm_ref":2000142,"archetype":"MODERN_URBAN","use":"HOUSE","levels":4,"flags":1,"height_cm":0,"min_height_cm":0,"roof_shape":"FLAT","roof_material":"UNKNOWN","wall_material":"PLASTER","seed":599421836,"tile":"10/516/162"},"geometry":{"type":"Polygon","coordinates":[[[85.3039135,27.7170307],[85.3040689,27.7170324],[85.3040673,27.7171504],[85.303912,27.7171487],[85.3039135,27.7170307]]]}},
{"type":"Feature","properties":{"osm_ref":2000144,"archetype":"GENERIC","use":"MIXED_USE","levels":5,"flags":1,"height_cm":0,"min_height_cm":0,"roof_shape":"UNKNOWN","roof_material":"UNKNOWN","wall_material":"UNKNOWN","seed":3132301878,"tile":"10/516/162"},"geometry":{"type":"Polygon","coordinates":[[[85.3039141,27.7171604],[85.3040695,27.7171603],[85.3040696,27.7172634],[85.3039143,27.7172636],[85.3039141,27.7171604]]]}},
{"type":"Feature","properties":{"osm_ref":2000146,"archetype":"MODERN_URBAN","use":"COMMERCIAL","levels":3,"flags":1,"height_cm":0,"min_height_cm":0,"roof_shape":"FLAT","roof_material":"UNKNOWN","wall_material":"PLASTER","seed":3451130528,"tile":"10/516/162"},"geometry":{"type":"Polygon","coordinates":[[[85.3039167,27.7172734],[85.304072,27.7172753],[85.3040701,27.7174048],[85.3039147,27.7174029],[85.3039167,27.7172734]]]}},
{"type":"Feature","properties":{"osm_ref":2000148,"archetype":"MODERN_URBAN","use":"MIXED_USE","levels":6,"flags":1,"height_cm":0,"min_height_cm":0,"roof_shape":"FLAT","roof_material":"UNKNOWN","wall_material":"PLASTER","seed":1406174979,"tile":"10/516/162"},"geometry":{"type":"Polygon","coordinates":[[[85.303917,27.7174151],[85.3040723,27.7174143],[85.3040731,27.7175409],[85.3039178,27.7175417],[85.303917,27.7174151]]]}},
{"type":"Feature","properties":{"osm_ref":2000150,"archetype":"MODERN_URBAN","use":"UNKNOWN","levels":6,"flags":1,"height_cm":0,"min_height_cm":0,"roof_shape":"FLAT","roof_material":"UNKNOWN","wall_material":"PLASTER","seed":618117013,"tile":"10/516/162"},"geometry":{"type":"Polygon","coordinates":[[[85.303918,27.7175531],[85.3040733,27.7175511],[85.3040753,27.7176746],[85.30392,27.7176766],[85.303918,27.7175531]]]}},
{"type":"Feature","properties":{"osm_ref":2000152,"archetype":"NEWAR","use":"HOUSE","levels":4,"flags":1,"height_cm":0,"min_height_cm":0,"roof_shape":"UNKNOWN","roof_material":"UNKNOWN","wall_material":"BRICK","seed":3185501743,"tile":"10/516/162"},"geometry":{"type":"Polygon","coordinates":[[[85.3039211,27.7176856],[85.3040764,27.7176872],[85.3040751,27.7177886],[85.3039198,27.7177871],[85.3039211,27.7176856]]]}},
{"type":"Feature","properties":{"osm_ref":2000154,"archetype":"GENERIC","use":"MIXED_USE","levels":4,"flags":1,"height_cm":0,"min_height_cm":0,"roof_shape":"UNKNOWN","roof_material":"UNKNOWN","wall_material":"UNKNOWN","seed":3403273913,"tile":"10/516/162"},"geometry":{"type":"Polygon","coordinates":[[[85.3039205,27.7178001],[85.3040758,27.7177972],[85.3040786,27.7179156],[85.3039233,27.7179185],[85.3039205,27.7178001]]]}},
{"type":"Feature","properties":{"osm_ref":2000156,"archetype":"MODERN_URBAN","use":"APARTMENTS","levels":5,"flags":1,"height_cm":0,"min_height_cm":0,"roof_shape":"FLAT","roof_material":"UNKNOWN","wall_material":"PLASTER","seed":1516686120,"tile":"10/516/162"},"geometry":{"type":"Polygon","coordinates":[[[85.3040785,27.7170322],[85.3042356,27.7170278],[85.304239,27.7171227],[85.3040818,27.7171271],[85.3040785,27.7170322]]]}},
{"type":"Feature","properties":{"osm_ref":2000158,"archetype":"MODERN_URBAN","use":"APARTMENTS","levels":5,"flags":1,"height_cm":0,"min_height_cm":0,"roof_shape":"FLAT","roof_material":"UNKNOWN","wall_material":"PLASTER","seed":761396158,"tile":"10/516/162"},"geometry":{"type":"Polygon","coordinates":[[[85.3040799,27.7171375],[85.3042371,27.7171341],[85.3042403,27.7172523],[85.3040832,27.7172558],[85.3040799,27.7171375]]]}},
{"type":"Feature","properties":{"osm_ref":2000160,"archetype":"MODERN_URBAN","use":"APARTMENTS","levels":4,"flags":1,"height_cm":0,"min_height_cm":0,"roof_shape":"FLAT","roof_material":"UNKNOWN","wall_material":"PLASTER","seed":3542441941,"tile":"10/516/162"},"geometry":{"type":"Polygon","coordinates":[[[85.3040825,27.7172655],[85.3042397,27.7172643],[85.3042405,27.7173548],[85.3040833,27.717356],[85.3040825,27.7172655]]]}},
{"type":"Feature","properties":{"osm_ref":2000162,"archetype":"MODERN_URBAN","use":"MIXED_USE","levels":5,"flags":1,"height_cm":0,"min_height_cm":0,"roof_shape":"FLAT","roof_material":"UNKNOWN","wall_material":"PLASTER","seed":2753720131,"tile":"10/516/162"},"geometry":{"type":"Polygon","coordinates":[[[85.3040849,27.7173652],[85.3042421,27.7173672],[85.3042406,27.7174617],[85.3040834,27.7174598],[85.3040849,27.7173652]]]}},
{"type":"Feature","properties":{"osm_ref":2000164,"archetype":"MODERN_URBAN","use":"MIXED_USE","levels":3,"flags":1,"height_cm":0,"min_height_cm":0,"roof_shape":"FLAT","roof_material":"UNKNOWN","wall_material":"PLASTER","seed":1026244345,"tile":"10/516/162"},"geometry":{"type":"Polygon","coordinates":[[[85.3040853,27.7174718],[85.3042425,27.7174713],[85.3042429,27.7175802],[85.3040856,27.7175807],[85.3040853,27.7174718]]]}},
{"type":"Feature","properties":{"osm_ref":2000166,"archetype":"GENERIC","use":"UNKNOWN","levels":6,"flags":1,"height_cm":0,"min_height_cm":0,"roof_shape":"UNKNOWN","roof_material":"UNKNOWN","wall_material":"UNKNOWN","seed":1244401263,"tile":"10/516/162"},"geometry":{"type":"Polygon","coordinates":[[[85.3040865,27.7175917],[85.3042437,27.7175909],[85.3042443,27.7176852],[85.3040871,27.717686],[85.3040865,27.7175917]]]}},
{"type":"Feature","properties":{"osm_ref":2000168,"archetype":"GENERIC","use":"COMMERCIAL","levels":5,"flags":1,"height_cm":0,"min_height_cm":0,"roof_shape":"UNKNOWN","roof_material":"UNKNOWN","wall_material":"UNKNOWN","seed":3561528268,"tile":"10/516/162"},"geometry":{"type":"Polygon","coordinates":[[[85.3040895,27.7176952],[85.3042467,27.7176977],[85.3042442,27.7178228],[85.304087,27.7178202],[85.3040895,27.7176952]]]}},
{"type":"Feature","properties":{"osm_ref":2000170,"archetype":"MODERN_URBAN","use":"UNKNOWN","levels":3,"flags":1,"height_cm":0,"min_height_cm":0,"roof_shape":"FLAT","roof_material":"UNKNOWN","wall_material":"PLASTER","seed":2739907418,"tile":"10/516/162"},"geometry":{"type":"Polygon","coordinates":[[[85.3040889,27.7178334],[85.3042461,27.7178313],[85.3042477,27.7179317],[85.3040905,27.7179337],[85.3040889,27.7178334]]]}},
{"type":"Feature","properties":{"osm_ref":2000172,"archetype":"MODERN_URBAN","use":"HOTEL","levels":6,"flags":1,"height_cm":0,"min_height_cm":0,"roof_shape":"FLAT","roof_material":"UNKNOWN","wall_material":"PLASTER","seed":977730272,"tile":"10/516/162"},"geometry":{"type":"Polygon","coordinates":[[[85.3042497,27.7170285],[85.3043689,27.7170285],[85.3043689,27.7171578],[85.3042497,27.7171578],[85.3042497,27.7170285]]]}},
{"type":"Feature","properties":{"osm_ref":2000174,"archetype":"NEWAR","use":"HOUSE","levels":4,"flags":1,"height_cm":0,"min_height_cm":0,"roof_shape":"UNKNOWN","roof_material":"UNKNOWN","wall_material":"BRICK","seed":1296157302,"tile":"10/516/162"},"geometry":{"type":"Polygon","coordinates":[[[85.304252,27.7171679],[85.3043712,27.7171693],[85.3043696,27.717274],[85.3042504,27.7172725],[85.304252,27.7171679]]]}},
{"type":"Feature","properties":{"osm_ref":2000176,"archetype":"MODERN_URBAN","use":"UNKNOWN","levels":3,"flags":1,"height_cm":0,"min_height_cm":0,"roof_shape":"FLAT","roof_material":"UNKNOWN","wall_material":"PLASTER","seed":3724466151,"tile":"10/516/162"},"geometry":{"type":"Polygon","coordinates":[[[85.3042514,27.7172853],[85.3043705,27.7172829],[85.3043728,27.7173745],[85.3042537,27.717377],[85.3042514,27.7172853]]]}},
{"type":"Feature","properties":{"osm_ref":2000178,"archetype":"GENERIC","use":"UNKNOWN","levels":5,"flags":1,"height_cm":0,"min_height_cm":0,"roof_shape":"UNKNOWN","roof_material":"UNKNOWN","wall_material":"UNKNOWN","seed":2868504433,"tile":"10/516/162"},"geometry":{"type":"Polygon","coordinates":[[[85.3042535,27.7173869],[85.3043726,27.7173863],[85.3043733,27.7174871],[85.3042541,27.7174877],[85.3042535,27.7173869]]]}},
{"type":"Feature","properties":{"osm_ref":2000180,"archetype":"GENERIC","use":"MIXED_USE","levels":6,"flags":1,"height_cm":0,"min_height_cm":0,"roof_shape":"UNKNOWN","roof_material":"UNKNOWN","wall_material":"UNKNOWN","seed":3393089172,"tile":"10/516/162"},"geometry":{"type":"Polygon","coordinates":[[[85.3042553,27.7174981],[85.3043744,27.7174984],[85.3043742,27.7176045],[85.304255,27.7176043],[85.3042553,27.7174981]]]}},
{"type":"Feature","properties":{"osm_ref":2000182,"archetype":"MODERN_URBAN","use":"UNKNOWN","levels":6,"flags":1,"height_cm":0,"min_height_cm":0,"roof_shape":"FLAT","roof_material":"UNKNOWN","wall_material":"PLASTER","seed":3174653442,"tile":"10/516/162"},"geometry":{"type":"Polygon","coordinates":[[[85.3042565,27.7176152],[85.3043756,27.7176153],[85.3043756,27.717707],[85.3042564,27.717707],[85.3042565,27.7176152]]]}},
{"type":"Feature","properties":{"osm_ref":2000184,"archetype":"MODERN_URBAN","use":"COMMERCIAL","levels":3,"flags":0,"height_cm":0,"min_height_cm":0,"roof_shape":"FLAT","roof_material":"UNKNOWN","wall_material":"PLASTER","seed":607129528,"tile":"10/516/162"},"geometry":{"type":"Polygon","coordinates":[[[85.3042563,27.717719],[85.3043755,27.7177167],[85.3043786,27.7178486],[85.3042595,27.7178509],[85.3042563,27.717719]]]}},
{"type":"Feature","properties":{"osm_ref":2000186,"archetype":"MODERN_URBAN","use":"UNKNOWN","levels":3,"flags":1,"height_cm":0,"min_height_cm":0,"roof_shape":"FLAT","roof_material":"UNKNOWN","wall_material":"PLASTER","seed":1396129582,"tile":"10/516/162"},"geometry":{"type":"Polygon","coordinates":[[[85.3043805,27.7170276],[85.3045317,27.7170266],[85.3045327,27.7171495],[85.3043815,27.7171505],[85.3043805,27.7170276]]]}},
{"type":"Feature","properties":{"osm_ref":2000188,"archetype":"MODERN_URBAN","use":"COMMERCIAL","levels":3,"flags":1,"height_cm":0,"min_height_cm":0,"roof_shape":"FLAT","roof_material":"UNKNOWN","wall_material":"PLASTER","seed":3444812429,"tile":"10/516/162"},"geometry":{"type":"Polygon","coordinates":[[[85.3043828,27.7171603],[85.304534,27.7171613],[85.3045332,27.7172554],[85.304382,27.7172544],[85.3043828,27.7171603]]]}},
{"type":"Feature","properties":{"osm_ref":2000190,"archetype":"MODERN_URBAN","use":"HOTEL","levels":3,"flags":1,"height_cm":0,"min_height_cm":0,"roof_shape":"FLAT","roof_material":"UNKNOWN","wall_material":"PLASTER","seed":3126106651,"tile":"10/516/162"},"geometry":{"type":"Polygon","coordinates":[[[85.3043829,27.7172667],[85.3045341,27.7172648],[85.3045356,27.717362],[85.3043845,27.7173639],[85.3043829,27.7172667]]]}},
{"type":"Feature","properties":{"osm_ref":2000192,"archetype":"GENERIC","use":"COMMERCIAL","levels":5,"flags":1,"height_cm":0,"min_height_cm":0,"roof_shape":"UNKNOWN","roof_material":"UNKNOWN","wall_material":"UNKNOWN","seed":593349537,"tile":"10/516/162"},"geometry":{"type":"Polygon","coordinates":[[[85.3043847,27.7173741],[85.3045359,27.7173735],[85.3045365,27.7174851],[85.3043853,27.7174857],[85.3043847,27.7173741]]]}},
{"type":"Feature","properties":{"osm_ref":2000194,"archetype":"MODERN_URBAN","use":"MIXED_USE","levels":4,"flags":1,"height_cm":0,"min_height_cm":0,"roof_shape":"FLAT","roof_material":"UNKNOWN","wall_material":"PLASTER","seed":1415248695,"tile":"10/516/162"},"geometry":{"type":"Polygon","coordinates":[[[85.3043865,27.7174961],[85.3045376,27.7174963],[85.3045375,27.7175911],[85.3043863,27.717591],[85.3043865,27.7174961]]]}},
{"type":"Feature","properties":{"osm_ref":2000196,"archetype":"MODERN_URBAN","use":"APARTMENTS","levels":6,"flags":1,"height_cm":0,"min_height_cm":0,"roof_shape":"FLAT","roof_material":"UNKNOWN","wall_material":"PLASTER","seed":3303401126,"tile":"10/516/162"},"geometry":{"type":"Polygon","coordinates":[[[85.3043895,27.717725],[85.3045407,27.7177253],[85.3045403,27.717854],[85.3043892,27.7178537],[85.3043895,27.717725]]]}},
{"type":"Feature","properties":{"osm_ref":2000198,"archetype":"GENERIC","use":"UNKNOWN","levels":3,"flags":1,"height_cm":0,"min_height_cm":0,"roof_shape":"UNKNOWN","roof_material":"UNKNOWN","wall_material":"UNKNOWN","seed":3017987632,"tile":"10/516/162"},"geometry":{"type":"Polygon","coordinates":[[[85.3043918,27.7178639],[85.3045429,27.7178653],[85.3045414,27.7179965],[85.3043902,27.7179951],[85.3043918,27.7178639]]]}},
{"type":"Feature","properties":{"osm_ref":2000200,"archetype":"NEWAR","use":"HOUSE","levels":4,"flags":1,"height_cm":0,"min_height_cm":0,"roof_shape":"UNKNOWN","roof_material":"UNKNOWN","wall_material":"BRICK","seed":440319978,"tile":"10/516/162"},"geometry":{"type":"Polygon","coordinates":[[[85.3045423,27.7170277],[85.3046954,27.7170236],[85.3046994,27.7171406],[85.3045463,27.7171447],[85.3045423,27.7170277]]]}},
{"type":"Feature","properties":{"osm_ref":2000202,"archetype":"MODERN_URBAN","use":"MIXED_USE","levels":3,"flags":1,"height_cm":0,"min_height_cm":0,"roof_shape":"FLAT","roof_material":"UNKNOWN","wall_material":"PLASTER","seed":1832488828,"tile":"10/516/162"},"geometry":{"type":"Polygon","coordinates":[[[85.3045459,27.7171534],[85.304699,27.7171536],[85.3046988,27.7172646],[85.3045457,27.7172644],[85.3045459,27.7171534]]]}},
{"type":"Feature","properties":{"osm_ref":2000204,"archetype":"MODERN_URBAN","use":"UNKNOWN","levels":6,"flags":1,"height_cm":0,"min_height_cm":0,"roof_shape":"FLAT","roof_material":"UNKNOWN","wall_material":"PLASTER","seed":4096843462,"tile":"10/516/162"},"geometry":{"type":"Polygon","coordinates":[[[85.3045482,27.7172746],[85.3047013,27.7172761],[85.3046997,27.7174058],[85.3045465,27.7174042],[85.3045482,27.7172746]]]}},
{"type":"Feature","properties":{"osm_ref":2000206,"archetype":"GENERIC","use":"MIXED_USE","levels":4,"flags":1,"height_cm":0,"min_height_cm":0,"roof_shape":"UNKNOWN","roof_material":"UNKNOWN","wall_material":"UNKNOWN","seed":2201480784,"tile":"10/516/162"},"geometry":{"type":"Polygon","coordinates":[[[85.3045494,27.717415],[85.3047025,27.7174167],[85.3047013,27.7175067],[85.3045482,27.717505],[85.3045494,27.717415]]]}},
{"type":"Feature","properties":{"osm_ref":2000208,"archetype":"MODERN_URBAN","use":"UNKNOWN","levels":5,"flags":1,"height_cm":0,"min_height_cm":0,"roof_shape":"FLAT","roof_material":"UNKNOWN","wall_material":"PLASTER","seed":492010483,"tile":"10/516/162"},"geometry":{"type":"Polygon","coordinates":[[[85.3045509,27.7175159],[85.3047041,27.7175174],[85.3047026,27.7176424],[85.3045494,27.717641],[85.3045509,27.7175159]]]}},
{"type":"Feature","properties":{"osm_ref":2000210,"archetype":"MODERN_URBAN","use":"UNKNOWN","levels":3,"flags":1,"height_cm":0,"min_height_cm":0,"roof_shape":"FLAT","roof_material":"UNKNOWN","wall_material":"PLASTER","seed":1783909221,"tile":"10/516/162"},"geometry":{"type":"Polygon","coordinates":[[[85.3045504,27.717654],[85.3047035,27.7176511],[85.3047062,27.7177625],[85.3045531,27.7177654],[85.3045504,27.717654]]]}},
{"type":"Feature","properties":{"osm_ref":2000212,"archetype":"NEWAR","use":"APARTMENTS","levels":4,"flags":1,"height_cm":0,"min_height_cm":0,"roof_shape":"UNKNOWN","roof_material":"UNKNOWN","wall_material":"BRICK","seed":4082965215,"tile":"10/516/162"},"geometry":{"type":"Polygon","coordinates":[[[85.3045522,27.7177759],[85.3047053,27.7177737],[85.3047071,27.7178673],[85.3045539,27.7178696],[85.3045522,27.7177759]]]}},
{"type":"Feature","properties":{"osm_ref":2000214,"archetype":"GENERIC","use":"COMMERCIAL","levels":6,"flags":1,"height_cm":0,"min_height_cm":0,"roof_shape":"UNKNOWN","roof_material":"UNKNOWN","wall_material":"UNKNOWN","seed":2220501577,"tile":"10/516/162"},"geometry":{"type":"Polygon","coordinates":[[[85.3045542,27.7178794],[85.3047074,27.7178792],[85.3047075,27.7179718],[85.3045544,27.7179719],[85.3045542,27.7178794]]]}},
{"type":"Feature","properties":{"osm_ref":2000216,"archetype":"MODERN_URBAN","use":"COMMERCIAL","levels":6,"flags":1,"height_cm":0,"min_height_cm":0,"roof_shape":"FLAT","roof_material":"UNKNOWN","wall_material":"PLASTER","seed":350566360,"tile":"10/516/162"},"geometry":{"type":"Polygon","coordinates":[[[85.3047092,27.7170244],[85.3048364,27.7170239],[85.3048368,27.7171143],[85.3047097,27.7171149],[85.3047092,27.7170244]]]}},
{"type":"Feature","properties":{"osm_ref":2000218,"archetype":"GENERIC","use":"UNKNOWN","levels":6,"flags":1,"height_cm":0,"min_height_cm":0,"roof_shape":"UNKNOWN","roof_material":"UNKNOWN","wall_material":"UNKNOWN","seed":1675757390,"tile":"10/516/162"},"geometry":{"type":"Polygon","coordinates":[[[85.3047101,27.717126],[85.3048373,27.7171248],[85.3048387,27.7172466],[85.3047116,27.7172479],[85.3047101,27.717126]]]}},
{"type":"Feature","properties":{"osm_ref":2000220,"archetype":"GENERIC","use":"APARTMENTS","levels":5,"flags":1,"height_cm":0,"min_height_cm":0,"roof_shape":"UNKNOWN","roof_material":"UNKNOWN","wall_material":"UNKNOWN","seed":52793003,"tile":"10/516/162"},"geometry":{"type":"Polygon","coordinates":[[[85.3047131,27.7172574],[85.3048403,27.7172588],[85.3048388,27.717371],[85.3047116,27.7173697],[85.3047131,27.7172574]]]}},
{"type":"Feature","properties":{"osm_ref":2000222,"archetype":"GENERIC","use":"APARTMENTS","levels":3,"flags":1,"height_cm":0,"min_height_cm":0,"roof_shape":"UNKNOWN","roof_material":"UNKNOWN","wall_material":"UNKNOWN","seed":1948433981,"tile":"10/516/162"},"geometry":{"type":"Polygon","coordinates":[[[85.304714,27.7175135],[85.3048412,27.7175111],[85.304844,27.7176294],[85.3047168,27.7176318],[85.304714,27.7175135]]]}},
{"type":"Feature","properties":{"osm_ref":2000224,"archetype":"MODERN_URBAN","use":"HOTEL","levels":4,"flags":1,"height_cm":0,"min_height_cm":0,"roof_shape":"FLAT","roof_material":"UNKNOWN","wall_material":"PLASTER","seed":3979079559,"tile":"10/516/162"},"geometry":{"type":"Polygon","coordinates":[[[85.3047162,27.7176421],[85.3048434,27.7176409],[85.3048446,27.7177392],[85.3047174,27.7177404],[85.3047162,27.7176421]]]}},
{"type":"Feature","properties":{"osm_ref":2000226,"archetype":"MODERN_URBAN","use":"HOUSE","levels":4,"flags":1,"height_cm":0,"min_height_cm":0,"roof_shape":"FLAT","roof_material":"UNKNOWN","wall_material":"PLASTER","seed":2586631953,"tile":"10/516/162"},"geometry":{"type":"Polygon","coordinates":[[[85.3047158,27.7177526],[85.3048429,27.7177487],[85.304848,27.7178807],[85.3047209,27.7178845],[85.3047158,27.7177526]]]}},
{"type":"Feature","properties":{"osm_ref":2000228,"archetype":"MODERN_URBAN","use":"HOTEL","levels":5,"flags":1,"height_cm":0,"min_height_cm":0,"roof_shape":"FLAT","roof_material":"UNKNOWN","wall_material":"PLASTER","seed":71846578,"tile":"10/516/162"},"geometry":{"type":"Polygon","coordinates":[[[85.3047185,27.7178948],[85.3048456,27.7178921],[85.3048485,27.7180002],[85.3047213,27.7180028],[85.3047185,27.7178948]]]}},
{"type":"Feature","properties":{"osm_ref":2000230,"archetype":"MODERN_URBAN","use":"HOUSE","levels":4,"flags":1,"height_cm":0,"min_height_cm":0,"roof_shape":"FLAT","roof_material":"UNKNOWN","wall_material":"PLASTER","seed":1934588452,"tile":"10/516/162"},"geometry":{"type":"Polygon","coordinates":[[[85.3048469,27.7170245],[85.3049742,27.7170212],[85.3049785,27.7171524],[85.3048512,27.7171557],[85.3048469,27.7170245]]]}},
{"type":"Feature","properties":{"osm_ref":2000232,"archetype":"MODERN_URBAN","use":"HOTEL","levels":5,"flags":1,"height_cm":0,"min_height_cm":0,"roof_shape":"FLAT","roof_material":"UNKNOWN","wall_material":"PLASTER","seed":3930467230,"tile":"10/516/162"},"geometry":{"type":"Polygon","coordinates":[[[85.30485,27.7171654],[85.3049774,27.7171644],[85.3049783,27.7172598],[85.304851,27.7172608],[85.30485,27.7171654]]]}},
{"type":"Feature","properties":{"osm_ref":2000234,"archetype":"MODERN_URBAN","use":"COMMERCIAL","levels":4,"flags":1,"height_cm":0,"min_height_cm":0,"roof_shape":"FLAT","roof_material":"UNKNOWN","wall_material":"PLASTER","seed":2638289672,"tile":"10/516/162"},"geometry":{"type":"Polygon","coordinates":[[[85.304855,27.7174846],[85.3049824,27.7174855],[85.3049813,27.7176126],[85.304854,27.7176118],[85.304855,27.7174846]]]}},
{"type":"Feature","properties":{"osm_ref":2000236,"archetype":"GENERIC","use":"HOTEL","levels":3,"flags":1,"height_cm":0,"min_height_cm":0,"roof_shape":"UNKNOWN","roof_material":"UNKNOWN","wall_material":"UNKNOWN","seed":234751641,"tile":"10/516/162"},"geometry":{"type":"Polygon","coordinates":[[[85.304854,27.7176249],[85.3049813,27.7176212],[85.3049856,27.7177378],[85.3048583,27.7177415],[85.304854,27.7176249]]]}},
{"type":"Feature","properties":{"osm_ref":2000238,"archetype":"NEWAR","use":"COMMERCIAL","levels":4,"flags":1,"height_cm":0,"min_height_cm":0,"roof_shape":"UNKNOWN","roof_material":"UNKNOWN","wall_material":"BRICK","seed":2063152655,"tile":"10/516/162"},"geometry":{"type":"Polygon","coordinates":[[[85.3048573,27.7177506],[85.3049847,27.7177504],[85.304985,27.7178418],[85.3048576,27.7178421],[85.3048573,27.7177506]]]}},
{"type":"Feature","properties":{"osm_ref":2000240,"archetype":"NEWAR","use":"HOTEL","levels":3,"flags":1,"height_cm":0,"min_height_cm":0,"roof_shape":"UNKNOWN","roof_material":"UNKNOWN","wall_material":"BRICK","seed":671669608,"tile":"10/516/162"},"geometry":{"type":"Polygon","coordinates":[[[85.3048597,27.7178521],[85.3049871,27.7178535],[85.3049854,27.7179737],[85.304858,27.7179723],[85.3048597,27.7178521]]]}},
{"type":"Feature","properties":{"osm_ref":2000242,"archetype":"MODERN_URBAN","use":"APARTMENTS","levels":3,"flags":1,"height_cm":0,"min_height_cm":0,"roof_shape":"FLAT","roof_material":"UNKNOWN","wall_material":"PLASTER","seed":1594879486,"tile":"10/516/162"},"geometry":{"type":"Polygon","coordinates":[[[85.3039266,27.7181139],[85.3040363,27.7181157],[85.3040342,27.7182158],[85.3039245,27.718214],[85.3039266,27.7181139]]]}},
{"type":"Feature","properties":{"osm_ref":2000244,"archetype":"NEWAR","use":"APARTMENTS","levels":4,"flags":1,"height_cm":0,"min_height_cm":0,"roof_shape":"UNKNOWN","roof_material":"UNKNOWN","wall_material":"BRICK","seed":3322330180,"tile":"10/516/162"},"geometry":{"type":"Polygon","coordinates":[[[85.3039256,27.7182269],[85.3040353,27.7182247],[85.304038,27.7183326],[85.3039282,27.7183347],[85.3039256,27.7182269]]]}},
{"type":"Feature","properties":{"osm_ref":2000246,"archetype":"MODERN_URBAN","use":"UNKNOWN","levels":6,"flags":1,"height_cm":0,"min_height_cm":0,"roof_shape":"FLAT","roof_material":"UNKNOWN","wall_material":"PLASTER","seed":2969668818,"tile":"10/516/162"},"geometry":{"type":"Polygon","coordinates":[[[85.3039275,27.7183452],[85.3040372,27.7183438],[85.3040388,27.71844],[85.303929,27.7184414],[85.3039275,27.7183452]]]}},
{"type":"Feature","properties":{"osm_ref":2000248,"archetype":"MODERN_URBAN","use":"MIXED_USE","levels":3,"flags":0,"height_cm":0,"min_height_cm":0,"roof_shape":"FLAT","roof_material":"UNKNOWN","wall_material":"PLASTER","seed":795154801,"tile":"10/516/162"},"geometry":{"type":"Polygon","coordinates":[[[85.3039298,27.7184513],[85.3040396,27.7184518],[85.304039,27.7185533],[85.3039293,27.7185529],[85.3039298,27.7184513]]]}},
{"type":"Feature","properties":{"osm_ref":2000250,"archetype":"MODERN_URBAN","use":"MIXED_USE","levels":6,"flags":1,"height_cm":0,"min_height_cm":0,"roof_shape":"FLAT","roof_material":"UNKNOWN","wall_material":"PLASTER","seed":1482828263,"tile":"10/516/162"},"geometry":{"type":"Polygon","coordinates":[[[85.3039301,27.7185646],[85.3040398,27.7185633],[85.3040418,27.7186968],[85.3039321,27.7186981],[85.3039301,27.7185646]]]}},
{"type":"Feature","properties":{"osm_ref":2000252,"archetype":"MODERN_URBAN","use":"HOUSE","levels":5,"flags":1,"height_cm":0,"min_height_cm":0,"roof_shape":"FLAT","roof_material":"UNKNOWN","wall_material":"PLASTER","seed":3245045853,"tile":"10/516/162"},"geometry":{"type":"Polygon","coordinates":[[[85.3039313,27.7187094],[85.304041,27.7187072],[85.3040437,27.7188097],[85.3039339,27.718812],[85.3039313,27.7187094]]]}},
{"type":"Feature","properties":{"osm_ref":2000254,"archetype":"NEWAR","use":"APARTMENTS","levels":3,"flags":1,"height_cm":0,"min_height_cm":0,"roof_shape":"UNKNOWN","roof_material":"UNKNOWN","wall_material":"BRICK","seed":3060549835,"tile":"10/516/162"},"geometry":{"type":"Polygon","coordinates":[[[85.3039352,27.7188208],[85.304045,27.7188226],[85.3040426,27.7189391],[85.3039329,27.7189374],[85.3039352,27.7188208]]]}},
{"type":"Feature","properties":{"osm_ref":2000256,"archetype":"MODERN_URBAN","use":"HOUSE","levels":6,"flags":0,"height_cm":0,"min_height_cm":0,"roof_shape":"FLAT","roof_material":"UNKNOWN","wall_material":"PLASTER","seed":651384154,"tile":"10/516/162"},"geometry":{"type":"Polygon","coordinates":[[[85.3039354,27.7189492],[85.3040452,27.718949],[85.3040455,27.7190698],[85.3039357,27.71907],[85.3039354,27.7189492]]]}},
{"type":"Feature","properties":{"osm_ref":2000258,"archetype":"GENERIC","use":"HOUSE","levels":5,"flags":0,"height_cm":0,"min_height_cm":0,"roof_shape":"UNKNOWN","roof_material":"UNKNOWN","wall_material":"UNKNOWN","seed":1372874188,"tile":"10/516/162"},"geometry":{"type":"Polygon","coordinates":[[[85.3040451,27.7181158],[85.3041699,27.7181114],[85.3041747,27.7182187],[85.30405,27.7182231],[85.3040451,27.7181158]]]}},
{"type":"Feature","properties":{"osm_ref":2000260,"archetype":"NEWAR","use":"COMMERCIAL","levels":3,"flags":1,"height_cm":0,"min_height_cm":0,"roof_shape":"UNKNOWN","roof_material":"UNKNOWN","wall_material":"BRICK","seed":823389225,"tile":"10/516/162"},"geometry":{"type":"Polygon","coordinates":[[[85.3040487,27.7182321],[85.3041735,27.7182315],[85.3041743,27.7183639],[85.3040495,27.7183645],[85.3040487,27.7182321]]]}},
{"type":"Feature","properties":{"osm_ref":2000262,"archetype":"MODERN_URBAN","use":"APARTMENTS","levels":5,"flags":1,"height_cm":0,"min_height_cm":0,"roof_shape":"FLAT","roof_material":"UNKNOWN","wall_material":"PLASTER","seed":1175772351,"tile":"10/516/162"},"geometry":{"type":"Polygon","coordinates":[[[85.3040501,27.7183756],[85.3041749,27.7183746],[85.3041762,27.7184995],[85.3040513,27.7185004],[85.3040501,27.7183756]]]}},
{"type":"Feature","properties":{"osm_ref":2000264,"archetype":"MODERN_URBAN","use":"UNKNOWN","levels":6,"flags":1,"height_cm":0,"min_height_cm":0,"roof_shape":"FLAT","roof_material":"UNKNOWN","wall_material":"PLASTER","seed":3743255813,"tile":"10/516/162"},"geometry":{"type":"Polygon","coordinates":[[[85.3040497,27.7185129],[85.3041744,27.7185087],[85.3041799,27.7186369],[85.3040551,27.7186412],[85.3040497,27.7185129]]]}},
{"type":"Feature","properties":{"osm_ref":2000266,"archetype":"MODERN_URBAN","use":"UNKNOWN","levels":3,"flags":1,"height_cm":0,"min_height_cm":0,"roof_shape":"FLAT","roof_material":"UNKNOWN","wall_material":"PLASTER","seed":2820324755,"tile":"10/516/162"},"geometry":{"type":"Polygon","coordinates":[[[85.3040533,27.7186504],[85.3041782,27.7186494],[85.3041792,27.7187504],[85.3040544,27.7187515],[85.3040533,27.7186504]]]}},
{"type":"Feature","properties":{"osm_ref":2000268,"archetype":"GENERIC","use":"APARTMENTS","levels":3,"flags":1,"height_cm":0,"min_height_cm":0,"roof_shape":"UNKNOWN","roof_material":"UNKNOWN","wall_material":"UNKNOWN","seed":914237488,"tile":"10/516/162"},"geometry":{"type":"Polygon","coordinates":[[[85.3040535,27.7187632],[85.3041783,27.7187603],[85.3041819,27.718881],[85.3040571,27.7188839],[85.3040535,27.7187632]]]}},
{"type":"Feature","properties":{"osm_ref":2000270,"archetype":"GENERIC","use":"UNKNOWN","levels":6,"flags":1,"height_cm":0,"min_height_cm":0,"roof_shape":"UNKNOWN","roof_material":"UNKNOWN","wall_material":"UNKNOWN","seed":1098455206,"tile":"10/516/162"},"geometry":{"type":"Polygon","coordinates":[[[85.304058,27.7188924],[85.3041828,27.7188942],[85.3041806,27.7190135],[85.3040557,27.7190116],[85.304058,27.7188924]]]}},
{"type":"Feature","properties":{"osm_ref":2000272,"archetype":"MODERN_URBAN","use":"HOUSE","levels":6,"flags":1,"height_cm":0,"min_height_cm":0,"roof_shape":"FLAT","roof_material":"UNKNOWN","wall_material":"PLASTER","seed":3631237404,"tile":"10/516/162"},"geometry":{"type":"Polygon","coordinates":[[[85.3041831,27.7181136],[85.30434,27.7181107],[85.3043431,27.7182437],[85.3041863,27.7182466],[85.3041831,27.7181136]]]}},
{"type":"Feature","properties":{"osm_ref":2000274,"archetype":"MODERN_URBAN","use":"MIXED_USE","levels":3,"flags":1,"height_cm":0,"min_height_cm":0,"roof_shape":"FLAT","roof_material":"UNKNOWN","wall_material":"PLASTER","seed":2943842698,"tile":"10/516/162"},"geometry":{"type":"Polygon","coordinates":[[[85.3041838,27.7182588],[85.3043405,27.7182533],[85.3043457,27.7183699],[85.3041889,27.7183754],[85.3041838,27.7182588]]]}},
{"type":"Feature","properties":{"osm_ref":2000276,"archetype":"MODERN_URBAN","use":"HOUSE","levels":5,"flags":1,"height_cm":0,"min_height_cm":0,"roof_shape":"FLAT","roof_material":"UNKNOWN","wall_material":"PLASTER","seed":1070097435,"tile":"10/516/162"},"geometry":{"type":"Polygon","coordinates":[[[85.3041861,27.7183857],[85.304343,27.7183814],[85.3043461,27.7184712],[85.3041892,27.7184755],[85.3041861,27.7183857]]]}},
{"type":"Feature","properties":{"osm_ref":2000278,"archetype":"MODERN_URBAN","use":"UNKNOWN","levels":3,"flags":1,"height_cm":0,"min_height_cm":0,"roof_shape":"FLAT","roof_material":"UNKNOWN","wall_material":"PLASTER","seed":1221547149,"tile":"10/516/162"},"geometry":{"type":"Polygon","coordinates":[[[85.3041874,27.7184859],[85.3043443,27.7184825],[85.3043474,27.7185972],[85.3041906,27.7186006],[85.3041874,27.7184859]]]}},
{"type":"Feature","properties":{"osm_ref":2000280,"archetype":"GENERIC","use":"HOUSE","levels":5,"flags":1,"height_cm":0,"min_height_cm":0,"roof_shape":"UNKNOWN","roof_material":"UNKNOWN","wall_material":"UNKNOWN","seed":2119334638,"tile":"10/516/162"},"geometry":{"type":"Polygon","coordinates":[[[85.3041886,27.7186117],[85.3043454,27.7186078],[85.3043494,27.7187327],[85.3041925,27.7187366],[85.3041886,27.7186117]]]}},
{"type":"Feature","properties":{"osm_ref":2000282,"archetype":"GENERIC","use":"MIXED_USE","levels":3,"flags":1,"height_cm":0,"min_height_cm":0,"roof_shape":"UNKNOWN","roof_material":"UNKNOWN","wall_material":"UNKNOWN","seed":156584568,"tile":"10/516/162"},"geometry":{"type":"Polygon","coordinates":[[[85.3041925,27.7187452],[85.3043494,27.7187459],[85.3043487,27.718872],[85.3041918,27.7188714],[85.3041925,27.7187452]]]}},
{"type":"Feature","properties":{"osm_ref":2000284,"archetype":"GENERIC","use":"HOTEL","levels":3,"flags":1,"height_cm":0,"min_height_cm":0,"roof_shape":"UNKNOWN","roof_material":"UNKNOWN","wall_material":"UNKNOWN","seed":2421955522,"tile":"10/516/162"},"geometry":{"type":"Polygon","coordinates":[[[85.3041921,27.7188845],[85.3043489,27.7188806],[85.3043521,27.7189818],[85.3041953,27.7189857],[85.3041921,27.7188845]]]}},
{"type":"Feature","properties":{"osm_ref":2000286,"archetype":"MODERN_URBAN","use":"HOUSE","levels":4,"flags":0,"height_cm":0,"min_height_cm":0,"roof_shape":"FLAT","roof_material":"UNKNOWN","wall_material":"PLASTER","seed":3881511764,"tile":"10/516/162"},"geometry":{"type":"Polygon","coordinates":[[[85.3041933,27.7189964],[85.3043501,27.7189928],[85.3043539,27.7191194],[85.304197,27.7191231],[85.3041933,27.7189964]]]}},
{"type":"Feature","properties":{"osm_ref":2000288,"archetype":"MODERN_URBAN","use":"MIXED_USE","levels":3,"flags":1,"height_cm":0,"min_height_cm":0,"roof_shape":"FLAT","roof_material":"UNKNOWN","wall_material":"PLASTER","seed":2034220791,"tile":"10/516/162"},"geometry":{"type":"Polygon","coordinates":[[[85.304352,27.7181124],[85.3045044,27.7181088],[85.3045075,27.7182128],[85.3043551,27.7182164],[85.304352,27.7181124]]]}},
{"type":"Feature","properties":{"osm_ref":2000290,"archetype":"GENERIC","use":"MIXED_USE","levels":5,"flags":1,"height_cm":0,"min_height_cm":0,"roof_shape":"UNKNOWN","roof_material":"UNKNOWN","wall_material":"UNKNOWN","seed":238587489,"tile":"10/516/162"},"geometry":{"type":"Polygon","coordinates":[[[85.3043561,27.7183538],[85.3045085,27.7183528],[85.3045094,27.7184777],[85.3043571,27.7184786],[85.3043561,27.7183538]]]}},
{"type":"Feature","properties":{"osm_ref":2000292,"archetype":"MODERN_URBAN","use":"APARTMENTS","levels":4,"flags":1,"height_cm":0,"min_height_cm":0,"roof_shape":"FLAT","roof_material":"UNKNOWN","wall_material":"PLASTER","seed":2536628187,"tile":"10/516/162"},"geometry":{"type":"Polygon","coordinates":[[[85.304359,27.7184877],[85.3045114,27.7184903],[85.3045094,27.7185835],[85.304357,27.7185809],[85.304359,27.7184877]]]}},
{"type":"Feature","properties":{"osm_ref":2000294,"archetype":"MODERN_URBAN","use":"UNKNOWN","levels":3,"flags":1,"height_cm":0,"min_height_cm":0,"roof_shape":"FLAT","roof_material":"UNKNOWN","wall_material":"PLASTER","seed":3761696589,"tile":"10/516/162"},"geometry":{"type":"Polygon","coordinates":[[[85.3043594,27.718593],[85.3045118,27.7185931],[85.3045117,27.7187087],[85.3043593,27.7187086],[85.3043594,27.718593]]]}},
{"type":"Feature","properties":{"osm_ref":2000296,"archetype":"MODERN_URBAN","use":"APARTMENTS","levels":5,"flags":1,"height_cm":0,"min_height_cm":0,"roof_shape":"FLAT","roof_material":"UNKNOWN","wall_material":"PLASTER","seed":1888088796,"tile":"10/516/162"},"geometry":{"type":"Polygon","coordinates":[[[85.3043611,27.7187193],[85.3045134,27.7187197],[85.3045131,27.7188347],[85.3043607,27.7188343],[85.3043611,27.7187193]]]}},
{"type":"Feature","properties":{"osm_ref":2000298,"archetype":"MODERN_URBAN","use":"HOUSE","levels":4,"flags":1,"height_cm":0,"min_height_cm":0,"roof_shape":"FLAT","roof_material":"UNKNOWN","wall_material":"PLASTER","seed":126796362,"tile":"10/516/162"},"geometry":{"type":"Polygon","coordinates":[[[85.3043616,27.7188461],[85.3045139,27.7188445],[85.3045156,27.718962],[85.3043632,27.7189637],[85.3043616,27.7188461]]]}},
{"type":"Feature","properties":{"osm_ref":2000300,"archetype":"GENERIC","use":"UNKNOWN","levels":4,"flags":1,"height_cm":0,"min_height_cm":0,"roof_shape":"UNKNOWN","roof_material":"UNKNOWN","wall_material":"UNKNOWN","seed":1732856751,"tile":"10/516/162"},"geometry":{"type":"Polygon","coordinates":[[[85.3045174,27.7181098],[85.3046434,27.7181085],[85.3046446,27.7182049],[85.3045187,27.7182062],[85.3045174,27.7181098]]]}},
{"type":"Feature","properties":{"osm_ref":2000302,"archetype":"MODERN_URBAN","use":"MIXED_USE","levels":6,"flags":1,"height_cm":0,"min_height_cm":0,"roof_shape":"FLAT","roof_material":"UNKNOWN","wall_material":"PLASTER","seed":273578809,"tile":"10/516/162"},"geometry":{"type":"Polygon","coordinates":[[[85.3045186,27.7182171],[85.3046446,27.7182157],[85.3046461,27.7183231],[85.3045202,27.7183245],[85.3045186,27.7182171]]]}},
{"type":"Feature","properties":{"osm_ref":2000304,"archetype":"GENERIC","use":"UNKNOWN","levels":5,"flags":1,"height_cm":0,"min_height_cm":0,"roof_shape":"UNKNOWN","roof_material":"UNKNOWN","wall_material":"UNKNOWN","seed":2303142531,"tile":"10/516/162"},"geometry":{"type":"Polygon","coordinates":[[[85.3045199,27.7183355],[85.3046458,27.7183337],[85.3046475,27.718424],[85.3045215,27.7184258],[85.3045199,27.7183355]]]}},
{"type":"Feature","properties":{"osm_ref":2000306,"archetype":"GENERIC","use":"HOTEL","levels":5,"flags":1,"height_cm":0,"min_height_cm":0,"roof_shape":"UNKNOWN","roof_material":"UNKNOWN","wall_material":"UNKNOWN","seed":4265613845,"tile":"10/516/162"},"geometry":{"type":"Polygon","coordinates":[[[85.3045235,27.7184347],[85.3046494,27.7184368],[85.3046467,27.7185633],[85.3045208,27.7185612],[85.3045235,27.7184347]]]}},
{"type":"Feature","properties":{"osm_ref":2000308,"archetype":"MODERN_URBAN","use":"HOUSE","levels":3,"flags":0,"height_cm":0,"min_height_cm":0,"roof_shape":"FLAT","roof_material":"UNKNOWN","wall_material":"PLASTER","seed":1613008822,"tile":"10/516/162"},"geometry":{"type":"Polygon","coordinates":[[[85.3045217,27.718575],[85.3046476,27.7185712],[85.3046515,27.7186763],[85.3045256,27.71868],[85.3045217,27.718575]]]}},
{"type":"Feature","properties":{"osm_ref":2000310,"archetype":"MODERN_URBAN","use":"HOTEL","levels":5,"flags":1,"height_cm":0,"min_height_cm":0,"roof_shape":"FLAT","roof_material":"UNKNOWN","wall_material":"PLASTER","seed":388218656,"tile":"10/516/162"},"geometry":{"type":"Polygon","coordinates":[[[85.3045253,27.7186887],[85.3046512,27.7186893],[85.3046507,27.7187894],[85.3045247,27.7187888],[85.3045253,27.7186887]]]}},
{"type":"Feature","properties":{"osm_ref":2000312,"archetype":"MODERN_URBAN","use":"COMMERCIAL","levels":6,"flags":1,"height_cm":0,"min_height_cm":0,"roof_shape":"FLAT","roof_material":"UNKNOWN","wall_material":"PLASTER","seed":2385178266,"tile":"10/516/162"},"geometry":{"type":"Polygon","coordinates":[[[85.304527,27.7187994],[85.3046529,27.7188005],[85.3046517,27.718912],[85.3045258,27.718911],[85.304527,27.7187994]]]}},
{"type":"Feature","properties":{"osm_ref":2000314,"archetype":"MODERN_URBAN","use":"HOTEL","levels":3,"flags":1,"height_cm":0,"min_height_cm":0,"roof_shape":"FLAT","roof_material":"UNKNOWN","wall_material":"PLASTER","seed":4180532748,"tile":"10/516/162"},"geometry":{"type":"Polygon","coordinates":[[[85.3045285,27.7189215],[85.3046544,27.7189231],[85.3046529,27.7190171],[85.304527,27.7190156],[85.3045285,27.7189215]]]}},
{"type":"Feature","properties":{"osm_ref":2000316,"archetype":"GENERIC","use":"UNKNOWN","levels":6,"flags":1,"height_cm":0,"min_height_cm":0,"roof_shape":"UNKNOWN","roof_material":"UNKNOWN","wall_material":"UNKNOWN","seed":1771226013,"tile":"10/516/162"},"geometry":{"type":"Polygon","coordinates":[[[85.3046568,27.718232],[85.3047851,27.7182303],[85.3047873,27.7183636],[85.304659,27.7183652],[85.3046568,27.718232]]]}},
{"type":"Feature","properties":{"osm_ref":2000318,"archetype":"MODERN_URBAN","use":"HOTEL","levels":5,"flags":1,"height_cm":0,"min_height_cm":0,"roof_shape":"FLAT","roof_material":"UNKNOWN","wall_material":"PLASTER","seed":513143563,"tile":"10/516/162"},"geometry":{"type":"Polygon","coordinates":[[[85.3046571,27.7183773],[85.3047853,27.7183733],[85.3047904,27.7185029],[85.3046621,27.7185069],[85.3046571,27.7183773]]]}},
{"type":"Feature","properties":{"osm_ref":2000320,"archetype":"GENERIC","use":"MIXED_USE","levels":4,"flags":1,"height_cm":0,"min_height_cm":0,"roof_shape":"UNKNOWN","roof_material":"UNKNOWN","wall_material":"UNKNOWN","seed":1281628268,"tile":"10/516/162"},"geometry":{"type":"Polygon","coordinates":[[[85.3046594,27.7185173],[85.3047877,27.7185144],[85.3047915,27.7186476],[85.3046632,27.7186505],[85.3046594,27.7185173]]]}},
{"type":"Feature","properties":{"osm_ref":2000322,"archetype":"MODERN_URBAN","use":"HOUSE","levels":6,"flags":1,"height_cm":0,"min_height_cm":0,"roof_shape":"FLAT","roof_material":"UNKNOWN","wall_material":"PLASTER","seed":996354298,"tile":"10/516/162"},"geometry":{"type":"Polygon","coordinates":[[[85.3046631,27.7186596],[85.3047914,27.7186602],[85.3047908,27.7187569],[85.3046624,27.7187563],[85.3046631,27.7186596]]]}},
{"type":"Feature","properties":{"osm_ref":2000324,"archetype":"NEWAR","use":"UNKNOWN","levels":4,"flags":1,"height_cm":0,"min_height_cm":0,"roof_shape":"UNKNOWN","roof_material":"UNKNOWN","wall_material":"BRICK","seed":2724886848,"tile":"10/516/162"},"geometry":{"type":"Polygon","coordinates":[[[85.3046667,27.7189078],[85.3047951,27.718909],[85.3047935,27.7190418],[85.3046651,27.7190406],[85.3046667,27.7189078]]]}},
{"type":"Feature","properties":{"osm_ref":2000326,"archetype":"GENERIC","use":"COMMERCIAL","levels":3,"flags":0,"height_cm":0,"min_height_cm":0,"roof_shape":"UNKNOWN","roof_material":"UNKNOWN","wall_material":"UNKNOWN","seed":3580709334,"tile":"10/516/162"},"geometry":{"type":"Polygon","coordinates":[[[85.3047957,27.7181075],[85.3049129,27.7181056],[85.3049152,27.7182177],[85.3047979,27.7182196],[85.3047957,27.7181075]]]}},
{"type":"Feature","properties":{"osm_ref":2000328,"archetype":"MODERN_URBAN","use":"HOUSE","levels":6,"flags":1,"height_cm":0,"min_height_cm":0,"roof_shape":"FLAT","roof_material":"UNKNOWN","wall_material":"PLASTER","seed":1258937461,"tile":"10/516/162"},"geometry":{"type":"Polygon","coordinates":[[[85.3047975,27.7182301],[85.3049147,27.7182288],[85.3049161,27.7183292],[85.3047989,27.7183305],[85.3047975,27.7182301]]]}},
{"type":"Feature","properties":{"osm_ref":2000330,"archetype":"NEWAR","use":"UNKNOWN","levels":3,"flags":1,"height_cm":0,"min_height_cm":0,"roof_shape":"UNKNOWN","roof_material":"UNKNOWN","wall_material":"BRICK","seed":1007611107,"tile":"10/516/162"},"geometry":{"type":"Polygon","coordinates":[[[85.3048018,27.7184805],[85.304919,27.7184817],[85.3049178,27.7185801],[85.3048005,27.7185789],[85.3048018,27.7184805]]]}},
{"type":"Feature","properties":{"osm_ref":2000332,"archetype":"GENERIC","use":"HOUSE","levels":6,"flags":1,"height_cm":0,"min_height_cm":0,"roof_shape":"UNKNOWN","roof_material":"UNKNOWN","wall_material":"UNKNOWN","seed":2768747865,"tile":"10/516/162"},"geometry":{"type":"Polygon","coordinates":[[[85.3048016,27.7185911],[85.3049189,27.7185895],[85.3049206,27.7186926],[85.3048034,27.7186942],[85.3048016,27.7185911]]]}},
{"type":"Feature","properties":{"osm_ref":2000334,"archetype":"NEWAR","use":"UNKNOWN","levels":3,"flags":1,"height_cm":0,"min_height_cm":0,"roof_shape":"UNKNOWN","roof_material":"UNKNOWN","wall_material":"BRICK","seed":3523251663,"tile":"10/516/162"},"geometry":{"type":"Polygon","coordinates":[[[85.3048029,27.7187051],[85.3049201,27.7187034],[85.304922,27.7187989],[85.3048047,27.7188007],[85.3048029,27.7187051]]]}},
{"type":"Feature","properties":{"osm_ref":2000336,"archetype":"NEWAR","use":"APARTMENTS","levels":3,"flags":1,"height_cm":0,"min_height_cm":0,"roof_shape":"UNKNOWN","roof_material":"UNKNOWN","wall_material":"BRICK","seed":1119850590,"tile":"10/516/162"},"geometry":{"type":"Polygon","coordinates":[[[85.3048046,27.7188111],[85.3049219,27.7188102],[85.3049232,27.7189412],[85.3048059,27.7189421],[85.3048046,27.7188111]]]}},
{"type":"Feature","properties":{"osm_ref":2000338,"archetype":"NEWAR","use":"HOUSE","levels":4,"flags":1,"height_cm":0,"min_height_cm":0,"roof_shape":"UNKNOWN","roof_material":"UNKNOWN","wall_material":"BRICK","seed":901292232,"tile":"10/516/162"},"geometry":{"type":"Polygon","coordinates":[[[85.303938,27.7191981],[85.3040942,27.7191971],[85.3040951,27.7193042],[85.3039389,27.7193052],[85.303938,27.7191981]]]}},
{"type":"Feature","properties":{"osm_ref":2000340,"archetype":"MODERN_URBAN","use":"MIXED_USE","levels":6,"flags":1,"height_cm":0,"min_height_cm":0,"roof_shape":"FLAT","roof_material":"UNKNOWN","wall_material":"PLASTER","seed":1434396973,"tile":"10/516/162"},"geometry":{"type":"Polygon","coordinates":[[[85.3039386,27.7193169],[85.3040948,27.7193142],[85.3040975,27.7194366],[85.3039413,27.7194393],[85.3039386,27.7193169]]]}},
{"type":"Feature","properties":{"osm_ref":2000342,"archetype":"MODERN_URBAN","use":"HOUSE","levels":5,"flags":1,"height_cm":0,"min_height_cm":0,"roof_shape":"FLAT","roof_material":"UNKNOWN","wall_material":"PLASTER","seed":578296251,"tile":"10/516/162"},"geometry":{"type":"Polygon","coordinates":[[[85.3039413,27.719449],[85.3040975,27.7194485],[85.3040979,27.7195639],[85.3039417,27.7195644],[85.3039413,27.719449]]]}},
{"type":"Feature","properties":{"osm_ref":2000344,"archetype":"NEWAR","use":"COMMERCIAL","levels":3,"flags":1,"height_cm":0,"min_height_cm":0,"roof_shape":"UNKNOWN","roof_material":"UNKNOWN","wall_material":"BRICK","seed":3144763393,"tile":"10/516/162"},"geometry":{"type":"Polygon","coordinates":[[[85.3039417,27.7195763],[85.3040979,27.7195736],[85.3041008,27.7197059],[85.3039446,27.7197086],[85.3039417,27.7195763]]]}},
{"type":"Feature","properties":{"osm_ref":2000346,"archetype":"GENERIC","use":"APARTMENTS","levels":5,"flags":1,"height_cm":0,"min_height_cm":0,"roof_shape":"UNKNOWN","roof_material":"UNKNOWN","wall_material":"UNKNOWN","seed":3430316183,"tile":"10/516/162"},"geometry":{"type":"Polygon","coordinates":[[[85.3039455,27.7197172],[85.3041017,27.7197189],[85.3041001,27.7198356],[85.3039439,27.7198339],[85.3039455,27.7197172]]]}},
{"type":"Feature","properties":{"osm_ref":2000348,"archetype":"MODERN_URBAN","use":"HOUSE","levels":6,"flags":1,"height_cm":0,"min_height_cm":0,"roof_shape":"FLAT","roof_material":"UNKNOWN","wall_material":"PLASTER","seed":1376972084,"tile":"10/516/162"},"geometry":{"type":"Polygon","coordinates":[[[85.3039462,27.7199552],[85.3041024,27.7199522],[85.3041048,27.7200498],[85.3039486,27.7200528],[85.3039462,27.7199552]]]}},
{"type":"Feature","properties":{"osm_ref":2000350,"archetype":"NEWAR","use":"HOTEL","levels":4,"flags":1,"height_cm":0,"min_height_cm":0,"roof_shape":"UNKNOWN","roof_material":"UNKNOWN","wall_material":"BRICK","seed":622189986,"tile":"10/516/162"},"geometry":{"type":"Polygon","coordinates":[[[85.30395,27.7200609],[85.3041062,27.7200634],[85.3041038,27.720181],[85.3039476,27.7201785],[85.30395,27.7200609]]]}},
{"type":"Feature","properties":{"osm_ref":2000352,"archetype":"MODERN_URBAN","use":"UNKNOWN","levels":6,"flags":1,"height_cm":0,"min_height_cm":0,"roof_shape":"FLAT","roof_material":"UNKNOWN","wall_material":"PLASTER","seed":3155987480,"tile":"10/516/162"},"geometry":{"type":"Polygon","coordinates":[[[85.3041077,27.7191954],[85.3042285,27.719197],[85.3042268,27.7193021],[85.304106,27.7193006],[85.3041077,27.7191954]]]}},
{"type":"Feature","properties":{"osm_ref":2000354,"archetype":"MODERN_URBAN","use":"MIXED_USE","levels":4,"flags":1,"height_cm":0,"min_height_cm":0,"roof_shape":"FLAT","roof_material":"UNKNOWN","wall_material":"PLASTER","seed":3407592590,"tile":"10/516/162"},"geometry":{"type":"Polygon","coordinates":[[[85.3041061,27.719314],[85.3042269,27.7193105],[85.3042314,27.7194345],[85.3041106,27.719438],[85.3041061,27.719314]]]}},
{"type":"Feature","properties":{"osm_ref":2000356,"archetype":"MODERN_URBAN","use":"HOUSE","levels":3,"flags":1,"height_cm":0,"min_height_cm":0,"roof_shape":"FLAT","roof_material":"UNKNOWN","wall_material":"PLASTER","seed":1537515807,"tile":"10/516/162"},"geometry":{"type":"Polygon","coordinates":[[[85.3041101,27.7194468],[85.3042309,27.7194475],[85.3042302,27.7195426],[85.3041094,27.7195419],[85.3041101,27.7194468]]]}},
{"type":"Feature","properties":{"osm_ref":2000358,"archetype":"MODERN_URBAN","use":"UNKNOWN","levels":3,"flags":1,"height_cm":0,"min_height_cm":0,"roof_shape":"FLAT","roof_material":"UNKNOWN","wall_material":"PLASTER","seed":748917129,"tile":"10/516/162"},"geometry":{"type":"Polygon","coordinates":[[[85.3041114,27.719553],[85.3042322,27.7195532],[85.3042319,27.719685],[85.3041111,27.7196847],[85.3041114,27.719553]]]}},
{"type":"Feature","properties":{"osm_ref":2000360,"archetype":"MODERN_URBAN","use":"UNKNOWN","levels":4,"flags":1,"height_cm":0,"min_height_cm":0,"roof_shape":"FLAT","roof_material":"UNKNOWN","wall_material":"PLASTER","seed":3538367970,"tile":"10/516/162"},"geometry":{"type":"Polygon","coordinates":[[[85.3041137,27.7196949],[85.3042345,27.7196964],[85.3042328,27.7198075],[85.304112,27.7198061],[85.3041137,27.7196949]]]}},
{"type":"Feature","properties":{"osm_ref":2000362,"archetype":"GENERIC","use":"MIXED_USE","levels":4,"flags":1,"height_cm":0,"min_height_cm":0,"roof_shape":"UNKNOWN","roof_material":"UNKNOWN","wall_material":"UNKNOWN","seed":2782922100,"tile":"10/516/162"},"geometry":{"type":"Polygon","coordinates":[[[85.3041136,27.7198182],[85.3042345,27.7198171],[85.3042358,27.719934],[85.304115,27.7199351],[85.3041136,27.7198182]]]}},
{"type":"Feature","properties":{"osm_ref":2000364,"archetype":"MODERN_URBAN","use":"MIXED_USE","levels":5,"flags":1,"height_cm":0,"min_height_cm":0,"roof_shape":"FLAT","roof_material":"UNKNOWN","wall_material":"PLASTER","seed":1021924558,"tile":"10/516/162"},"geometry":{"type":"Polygon","coordinates":[[[85.3041152,27.7199459],[85.3042361,27.7199449],[85.3042372,27.7200582],[85.3041164,27.7200592],[85.3041152,27.7199459]]]}},
{"type":"Feature","properties":{"osm_ref":2000366,"archetype":"GENERIC","use":"APARTMENTS","levels":3,"flags":1,"height_cm":0,"min_height_cm":0,"roof_shape":"UNKNOWN","roof_material":"UNKNOWN","wall_material":"UNKNOWN","seed":1273914456,"tile":"10/516/162"},"geometry":{"type":"Polygon","coordinates":[[[85.3042386,27.7191962],[85.3043972,27.7191933],[85.3043997,27.7192998],[85.3042411,27.7193027],[85.3042386,27.7191962]]]}},
{"type":"Feature","properties":{"osm_ref":2000368,"archetype":"NEWAR","use":"UNKNOWN","levels":4,"flags":1,"height_cm":0,"min_height_cm":0,"roof_shape":"UNKNOWN","roof_material":"UNKNOWN","wall_material":"BRICK","seed":3582652923,"tile":"10/516/162"},"geometry":{"type":"Polygon","coordinates":[[[85.3042404,27.719313],[85.304399,27.7193111],[85.3044008,27.7194276],[85.3042422,27.7194295],[85.3042404,27.719313]]]}},
{"type":"Feature","properties":{"osm_ref":2000370,"archetype":"MODERN_URBAN","use":"UNKNOWN","levels":3,"flags":1,"height_cm":0,"min_height_cm":0,"roof_shape":"FLAT","roof_material":"UNKNOWN","wall_material":"PLASTER","seed":2727199085,"tile":"10/516/162"},"geometry":{"type":"Polygon","coordinates":[[[85.3042427,27.7194394],[85.3044013,27.7194394],[85.3044013,27.7195321],[85.3042427,27.7195321],[85.3042427,27.7194394]]]}},
{"type":"Feature","properties":{"osm_ref":2000372,"archetype":"MODERN_URBAN","use":"HOTEL","levels":4,"flags":1,"height_cm":0,"min_height_cm":0,"roof_shape":"FLAT","roof_material":"UNKNOWN","wall_material":"PLASTER","seed":998543575,"tile":"10/516/162"},"geometry":{"type":"Polygon","coordinates":[[[85.3042423,27.719545],[85.3044009,27.7195408],[85.3044042,27.7196396],[85.3042456,27.7196438],[85.3042423,27.719545]]]}},
{"type":"Feature","properties":{"osm_ref":2000374,"archetype":"NEWAR","use":"HOTEL","levels":4,"flags":1,"height_cm":0,"min_height_cm":0,"roof_shape":"UNKNOWN","roof_material":"UNKNOWN","wall_material":"BRICK","seed":1283694657,"tile":"10/516/162"},"geometry":{"type":"Polygon","coordinates":[[[85.3042437,27.7196542],[85.3044023,27.7196509],[85.3044058,27.7197815],[85.3042472,27.7197848],[85.3042437,27.7196542]]]}},
{"type":"Feature","properties":{"osm_ref":2000376,"archetype":"MODERN_URBAN","use":"MIXED_USE","levels":5,"flags":1,"height_cm":0,"min_height_cm":0,"roof_shape":"FLAT","roof_material":"UNKNOWN","wall_material":"PLASTER","seed":3694968272,"tile":"10/516/162"},"geometry":{"type":"Polygon","coordinates":[[[85.3042461,27.719795],[85.3044047,27.7197929],[85.3044063,27.7198863],[85.3042477,27.7198884],[85.3042461,27.719795]]]}},
{"type":"Feature","properties":{"osm_ref":2000378,"archetype":"MODERN_URBAN","use":"UNKNOWN","levels":3,"flags":1,"height_cm":0,"min_height_cm":0,"roof_shape":"FLAT","roof_material":"UNKNOWN","wall_material":"PLASTER","seed":2872806726,"tile":"10/516/162"},"geometry":{"type":"Polygon","coordinates":[[[85.3042477,27.7198988],[85.3044063,27.7198976],[85.3044076,27.7200238],[85.3042489,27.720025],[85.3042477,27.7198988]]]}},
{"type":"Feature","properties":{"osm_ref":2000380,"archetype":"NEWAR","use":"HOTEL","levels":4,"flags":1,"height_cm":0,"min_height_cm":0,"roof_shape":"UNKNOWN","roof_material":"UNKNOWN","wall_material":"BRICK","seed":3422291107,"tile":"10/516/162"},"geometry":{"type":"Polygon","coordinates":[[[85.3042475,27.7200381],[85.304406,27.7200325],[85.3044109,27.7201419],[85.3042524,27.7201475],[85.3042475,27.7200381]]]}},
{"type":"Feature","properties":{"osm_ref":2000382,"archetype":"GENERIC","use":"HOUSE","levels":6,"flags":1,"height_cm":0,"min_height_cm":0,"roof_shape":"UNKNOWN","roof_material":"UNKNOWN","wall_material":"UNKNOWN","seed":3170579509,"tile":"10/516/162"},"geometry":{"type":"Polygon","coordinates":[[[85.3044119,27.7191924],[85.3045381,27.7191942],[85.3045359,27.7193195],[85.3044096,27.7193177],[85.3044119,27.7191924]]]}},
{"type":"Feature","properties":{"osm_ref":2000384,"archetype":"MODERN_URBAN","use":"UNKNOWN","levels":5,"flags":1,"height_cm":0,"min_height_cm":0,"roof_shape":"FLAT","roof_material":"UNKNOWN","wall_material":"PLASTER","seed":636642703,"tile":"10/516/162"},"geometry":{"type":"Polygon","coordinates":[[[85.3044144,27.7194704],[85.3045407,27.7194713],[85.3045397,27.7195754],[85.3044135,27.7195745],[85.3044144,27.7194704]]]}},
{"type":"Feature","properties":{"osm_ref":2000386,"archetype":"GENERIC","use":"HOUSE","levels":5,"flags":1,"height_cm":0,"min_height_cm":0,"roof_shape":"UNKNOWN","roof_material":"UNKNOWN","wall_material":"UNKNOWN","seed":1391809817,"tile":"10/516/162"},"geometry":{"type":"Polygon","coordinates":[[[85.3044159,27.7195852],[85.3045422,27.7195862],[85.3045411,27.7197],[85.3044148,27.7196991],[85.3044159,27.7195852]]]}},
{"type":"Feature","properties":{"osm_ref":2000388,"archetype":"MODERN_URBAN","use":"UNKNOWN","levels":4,"flags":1,"height_cm":0,"min_height_cm":0,"roof_shape":"FLAT","roof_material":"UNKNOWN","wall_material":"PLASTER","seed":3432104122,"tile":"10/516/162"},"geometry":{"type":"Polygon","coordinates":[[[85.3044161,27.719711],[85.3045424,27.7197097],[85.3045438,27.7198153],[85.3044175,27.7198166],[85.3044161,27.719711]]]}},
{"type":"Feature","properties":{"osm_ref":2000390,"archetype":"GENERIC","use":"COMMERCIAL","levels":5,"flags":1,"height_cm":0,"min_height_cm":0,"roof_shape":"UNKNOWN","roof_material":"UNKNOWN","wall_material":"UNKNOWN","seed":3147231276,"tile":"10/516/162"},"geometry":{"type":"Polygon","coordinates":[[[85.3044194,27.719954],[85.3045457,27.7199535],[85.3045461,27.7200443],[85.3044198,27.7200448],[85.3044194,27.719954]]]}},
{"type":"Feature","properties":{"osm_ref":2000392,"archetype":"MODERN_URBAN","use":"HOTEL","levels":6,"flags":1,"height_cm":0,"min_height_cm":0,"roof_shape":"FLAT","roof_material":"UNKNOWN","wall_material":"PLASTER","seed":580886934,"tile":"10/516/162"},"geometry":{"type":"Polygon","coordinates":[[[85.30455,27.7193147],[85.3047046,27.7193135],[85.3047056,27.7194234],[85.3045511,27.7194245],[85.30455,27.7193147]]]}},
{"type":"Feature","properties":{"osm_ref":2000394,"archetype":"NEWAR","use":"UNKNOWN","levels":4,"flags":1,"height_cm":0,"min_height_cm":0,"roof_shape":"UNKNOWN","roof_material":"UNKNOWN","wall_material":"BRICK","seed":1436061952,"tile":"10/516/162"},"geometry":{"type":"Polygon","coordinates":[[[85.30455,27.7194372],[85.3047045,27.7194324],[85.3047084,27.7195323],[85.3045539,27.7195371],[85.30455,27.7194372]]]}},
{"type":"Feature","properties":{"osm_ref":2000396,"archetype":"MODERN_URBAN","use":"MIXED_USE","levels":5,"flags":1,"height_cm":0,"min_height_cm":0,"roof_shape":"FLAT","roof_material":"UNKNOWN","wall_material":"PLASTER","seed":3307703441,"tile":"10/516/162"},"geometry":{"type":"Polygon","coordinates":[[[85.3045513,27.7195478],[85.3047058,27.7195434],[85.3047099,27.7196587],[85.3045555,27.7196631],[85.3045513,27.7195478]]]}},
{"type":"Feature","properties":{"osm_ref":2000398,"archetype":"NEWAR","use":"HOUSE","levels":3,"flags":1,"height_cm":0,"min_height_cm":0,"roof_shape":"UNKNOWN","roof_material":"UNKNOWN","wall_material":"BRICK","seed":2988489735,"tile":"10/516/162"},"geometry":{"type":"Polygon","coordinates":[[[85.3045533,27.7196734],[85.3047078,27.7196702],[85.3047109,27.719788],[85.3045564,27.7197913],[85.3045533,27.7196734]]]}},
{"type":"Feature","properties":{"osm_ref":2000400,"archetype":"MODERN_URBAN","use":"UNKNOWN","levels":3,"flags":1,"height_cm":0,"min_height_cm":0,"roof_shape":"FLAT","roof_material":"UNKNOWN","wall_material":"PLASTER","seed":410517939,"tile":"10/516/162"},"geometry":{"type":"Polygon","coordinates":[[[85.3045566,27.7198002],[85.3047111,27.7198008],[85.3047106,27.7199051],[85.3045561,27.7199045],[85.3045566,27.7198002]]]}},
{"type":"Feature","properties":{"osm_ref":2000402,"archetype":"MODERN_URBAN","use":"APARTMENTS","levels":6,"flags":1,"height_cm":0,"min_height_cm":0,"roof_shape":"FLAT","roof_material":"UNKNOWN","wall_material":"PLASTER","seed":1870606629,"tile":"10/516/162"},"geometry":{"type":"Polygon","coordinates":[[[85.3045582,27.7199149],[85.3047127,27.7199164],[85.3047116,27.7200124],[85.3045571,27.720011],[85.3045582,27.7199149]]]}},
{"type":"Feature","properties":{"osm_ref":2000404,"archetype":"MODERN_URBAN","use":"HOTEL","levels":5,"flags":1,"height_cm":0,"min_height_cm":0,"roof_shape":"FLAT","roof_material":"UNKNOWN","wall_material":"PLASTER","seed":4134953119,"tile":"10/516/162"},"geometry":{"type":"Polygon","coordinates":[[[85.3045575,27.7200244],[85.304712,27.7200207],[85.3047148,27.7201125],[85.3045603,27.7201162],[85.3045575,27.7200244]]]}},
{"type":"Feature","properties":{"osm_ref":2000406,"archetype":"MODERN_URBAN","use":"UNKNOWN","levels":6,"flags":1,"height_cm":0,"min_height_cm":0,"roof_shape":"FLAT","roof_material":"UNKNOWN","wall_material":"PLASTER","seed":2171686921,"tile":"10/516/162"},"geometry":{"type":"Polygon","coordinates":[[[85.3047155,27.7191907],[85.3048694,27.7191899],[85.3048702,27.7193204],[85.3047163,27.7193212],[85.3047155,27.7191907]]]}},
{"type":"Feature","properties":{"osm_ref":2000408,"archetype":"MODERN_URBAN","use":"HOUSE","levels":6,"flags":1,"height_cm":0,"min_height_cm":0,"roof_shape":"FLAT","roof_material":"UNKNOWN","wall_material":"PLASTER","seed":521520554,"tile":"10/516/162"},"geometry":{"type":"Polygon","coordinates":[[[85.3047181,27.7193307],[85.3048719,27.7193326],[85.3048705,27.7194216],[85.3047167,27.7194197],[85.3047181,27.7193307]]]}},
{"type":"Feature","properties":{"osm_ref":2000410,"archetype":"MODERN_URBAN","use":"MIXED_USE","levels":5,"flags":1,"height_cm":0,"min_height_cm":0,"roof_shape":"FLAT","roof_material":"UNKNOWN","wall_material":"PLASTER","seed":1746072892,"tile":"10/516/162"},"geometry":{"type":"Polygon","coordinates":[[[85.3047179,27.7194323],[85.3048718,27.7194306],[85.3048733,27.7195354],[85.3047194,27.7195372],[85.3047179,27.7194323]]]}},
{"type":"Feature","properties":{"osm_ref":2000412,"archetype":"NEWAR","use":"MIXED_USE","levels":3,"flags":1,"height_cm":0,"min_height_cm":0,"roof_shape":"UNKNOWN","roof_material":"UNKNOWN","wall_material":"BRICK","seed":4045120646,"tile":"10/516/162"},"geometry":{"type":"Polygon","coordinates":[[[85.3047195,27.7196763],[85.3048732,27.719671],[85.3048774,27.7197682],[85.3047236,27.7197735],[85.3047195,27.7196763]]]}},
{"type":"Feature","properties":{"osm_ref":2000414,"archetype":"GENERIC","use":"COMMERCIAL","levels":5,"flags":1,"height_cm":0,"min_height_cm":0,"roof_shape":"UNKNOWN","roof_material":"UNKNOWN","wall_material":"UNKNOWN","seed":2250019856,"tile":"10/516/162"},"geometry":{"type":"Polygon","coordinates":[[[85.3047227,27.7197817],[85.3048766,27.7197817],[85.3048766,27.7198731],[85.3047228,27.7198731],[85.3047227,27.7197817]]]}},
{"type":"Feature","properties":{"osm_ref":2000416,"archetype":"MODERN_URBAN","use":"UNKNOWN","levels":5,"flags":1,"height_cm":0,"min_height_cm":0,"roof_shape":"FLAT","roof_material":"UNKNOWN","wall_material":"PLASTER","seed":379816321,"tile":"10/516/162"},"geometry":{"type":"Polygon","coordinates":[[[85.3047236,27.7198844],[85.3048775,27.7198834],[85.3048783,27.7199868],[85.3047245,27.7199879],[85.3047236,27.7198844]]]}},
{"type":"Feature","properties":{"osm_ref":2000418,"archetype":"MODERN_URBAN","use":"HOTEL","levels":5,"flags":1,"height_cm":0,"min_height_cm":0,"roof_shape":"FLAT","roof_material":"UNKNOWN","wall_material":"PLASTER","seed":1638185239,"tile":"10/516/162"},"geometry":{"type":"Polygon","coordinates":[[[85.3047251,27.7199984],[85.304879,27.7199979],[85.3048794,27.7200893],[85.3047255,27.7200898],[85.3047251,27.7199984]]]}},
{"type":"Feature","properties":{"osm_ref":2000420,"archetype":"GENERIC","use":"UNKNOWN","levels":5,"flags":1,"height_cm":0,"min_height_cm":0,"roof_shape":"UNKNOWN","roof_material":"UNKNOWN","wall_material":"UNKNOWN","seed":23277810,"tile":"10/516/162"},"geometry":{"type":"Polygon","coordinates":[[[85.3048895,27.7199218],[85.3050455,27.7199193],[85.3050477,27.7200279],[85.3048917,27.7200304],[85.3048895,27.7199218]]]}},
{"type":"Feature","properties":{"osm_ref":2000422,"archetype":"MODERN_URBAN","use":"UNKNOWN","levels":4,"flags":1,"height_cm":0,"min_height_cm":0,"roof_shape":"FLAT","roof_material":"UNKNOWN","wall_material":"PLASTER","seed":1986265188,"tile":"10/516/162"},"geometry":{"type":"Polygon","coordinates":[[[85.3048932,27.7200389],[85.3050492,27.720041],[85.3050471,27.7201679],[85.304891,27.7201657],[85.3048932,27.7200389]]]}},
{"type":"Feature","properties":{"osm_ref":2000424,"archetype":"MODERN_URBAN","use":"COMMERCIAL","levels":5,"flags":1,"height_cm":0,"min_height_cm":0,"roof_shape":"FLAT","roof_material":"UNKNOWN","wall_material":"PLASTER","seed":4016919006,"tile":"10/516/162"},"geometry":{"type":"Polygon","coordinates":[[[85.3051205,27.7163444],[85.3052549,27.7163421],[85.3052571,27.7164409],[85.3051227,27.7164433],[85.3051205,27.7163444]]]}},
{"type":"Feature","properties":{"osm_ref":2000426,"archetype":"MODERN_URBAN","use":"HOUSE","levels":3,"flags":1,"height_cm":0,"min_height_cm":0,"roof_shape":"FLAT","roof_material":"UNKNOWN","wall_material":"PLASTER","seed":2557108552,"tile":"10/516/162"},"geometry":{"type":"Polygon","coordinates":[[[85.3051243,27.7164519],[85.3052587,27.716454],[85.3052562,27.7165813],[85.3051218,27.7165792],[85.3051243,27.7164519]]]}},
{"type":"Feature","properties":{"osm_ref":2000428,"archetype":"MODERN_URBAN","use":"HOTEL","levels":4,"flags":1,"height_cm":0,"min_height_cm":0,"roof_shape":"FLAT","roof_material":"UNKNOWN","wall_material":"PLASTER","seed":101643499,"tile":"10/516/162"},"geometry":{"type":"Polygon","coordinates":[[[85.3051229,27.7165929],[85.3052573,27.7165894],[85.3052605,27.7166879],[85.3051262,27.7166914],[85.3051229,27.7165929]]]}},
{"type":"Feature","properties":{"osm_ref":2000430,"archetype":"MODERN_URBAN","use":"UNKNOWN","levels":3,"flags":1,"height_cm":0,"min_height_cm":0,"roof_shape":"FLAT","roof_material":"UNKNOWN","wall_material":"PLASTER","seed":1896465533,"tile":"10/516/162"},"geometry":{"type":"Polygon","coordinates":[[[85.3051256,27.7167008],[85.30526,27.7167001],[85.3052609,27.7168328],[85.3051265,27.7168335],[85.3051256,27.7167008]]]}},
{"type":"Feature","properties":{"osm_ref":2000432,"archetype":"MODERN_URBAN","use":"MIXED_USE","levels":3,"flags":1,"height_cm":0,"min_height_cm":0,"roof_shape":"FLAT","roof_material":"UNKNOWN","wall_material":"PLASTER","seed":3892352455,"tile":"10/516/162"},"geometry":{"type":"Polygon","coordinates":[[[85.3052662,27.7163437],[85.3053851,27.7163402],[85.3053892,27.7164503],[85.3052703,27.7164538],[85.3052662,27.7163437]]]}},
{"type":"Feature","properties":{"osm_ref":2000434,"archetype":"MODERN_URBAN","use":"UNKNOWN","levels":5,"flags":1,"height_cm":0,"min_height_cm":0,"roof_shape":"FLAT","roof_material":"UNKNOWN","wall_material":"PLASTER","seed":2668078417,"tile":"10/516/162"},"geometry":{"type":"Polygon","coordinates":[[[85.305269,27.7164635],[85.3053879,27.7164623],[85.3053893,27.7165768],[85.3052704,27.7165779],[85.305269,27.7164635]]]}},
{"type":"Feature","properties":{"osm_ref":2000436,"archetype":"NEWAR","use":"MIXED_USE","levels":4,"flags":1,"height_cm":0,"min_height_cm":0,"roof_shape":"UNKNOWN","roof_material":"UNKNOWN","wall_material":"BRICK","seed":263764160,"tile":"10/516/162"},"geometry":{"type":"Polygon","coordinates":[[[85.3052686,27.7165903],[85.3053874,27.7165862],[85.3053928,27.7167092],[85.305274,27.7167133],[85.3052686,27.7165903]]]}},
{"type":"Feature","properties":{"osm_ref":2000438,"archetype":"MODERN_URBAN","use":"APARTMENTS","levels":4,"flags":1,"height_cm":0,"min_height_cm":0,"roof_shape":"FLAT","roof_material":"UNKNOWN","wall_material":"PLASTER","seed":2025818198,"tile":"10/516/162"},"geometry":{"type":"Polygon","coordinates":[[[85.3052711,27.7167235],[85.3053899,27.7167207],[85.3053935,27.7168377],[85.3052746,27.7168406],[85.3052711,27.7167235]]]}},
{"type":"Feature","properties":{"osm_ref":2000440,"archetype":"NEWAR","use":"APARTMENTS","levels":4,"flags":1,"height_cm":0,"min_height_cm":0,"roof_shape":"UNKNOWN","roof_material":"UNKNOWN","wall_material":"BRICK","seed":709780273,"tile":"10/516/162"},"geometry":{"type":"Polygon","coordinates":[[[85.3053981,27.7163419],[85.3055531,27.7163392],[85.3055556,27.71645],[85.3054006,27.7164527],[85.3053981,27.7163419]]]}},
{"type":"Feature","properties":{"osm_ref":2000442,"archetype":"MODERN_URBAN","use":"HOTEL","levels":6,"flags":1,"height_cm":0,"min_height_cm":0,"roof_shape":"FLAT","roof_material":"UNKNOWN","wall_material":"PLASTER","seed":1565086631,"tile":"10/516/162"},"geometry":{"type":"Polygon","coordinates":[[[85.3054004,27.7164627],[85.3055554,27.7164618],[85.3055562,27.7165672],[85.3054011,27.7165681],[85.3054004,27.7164627]]]}},
{"type":"Feature","properties":{"osm_ref":2000444,"archetype":"MODERN_URBAN","use":"UNKNOWN","levels":3,"flags":1,"height_cm":0,"min_height_cm":0,"roof_shape":"FLAT","roof_material":"UNKNOWN","wall_material":"PLASTER","seed":3292529181,"tile":"10/516/162"},"geometry":{"type":"Polygon","coordinates":[[[85.3054006,27.7165803],[85.3055556,27.7165767],[85.3055588,27.7166879],[85.3054038,27.7166915],[85.3054006,27.7165803]]]}},
{"type":"Feature","properties":{"osm_ref":2000446,"archetype":"MODERN_URBAN","use":"COMMERCIAL","levels":6,"flags":1,"height_cm":0,"min_height_cm":0,"roof_shape":"FLAT","roof_material":"UNKNOWN","wall_material":"PLASTER","seed":3007787659,"tile":"10/516/162"},"geometry":{"type":"Polygon","coordinates":[[[85.305402,27.7167022],[85.3055571,27.716699],[85.3055605,27.7168321],[85.3054055,27.7168352],[85.305402,27.7167022]]]}},
{"type":"Feature","properties":{"osm_ref":2000448,"archetype":"MODERN_URBAN","use":"HOUSE","levels":4,"flags":0,"height_cm":0,"min_height_cm":0,"roof_shape":"FLAT","roof_material":"UNKNOWN","wall_material":"PLASTER","seed":757311272,"tile":"10/516/162"},"geometry":{"type":"Polygon","coordinates":[[[85.3055653,27.7163403],[85.305692,27.7163379],[85.3056944,27.7164401],[85.3055677,27.7164425],[85.3055653,27.7163403]]]}},
{"type":"Feature","properties":{"osm_ref":2000450,"archetype":"MODERN_URBAN","use":"HOUSE","levels":3,"flags":1,"height_cm":0,"min_height_cm":0,"roof_shape":"FLAT","roof_material":"UNKNOWN","wall_material":"PLASTER","seed":1512347582,"tile":"10/516/162"},"geometry":{"type":"Polygon","coordinates":[[[85.3055688,27.7164513],[85.3056954,27.7164529],[85.3056937,27.7165611],[85.305567,27.7165595],[85.3055688,27.7164513]]]}},
{"type":"Feature","properties":{"osm_ref":2000452,"archetype":"MODERN_URBAN","use":"UNKNOWN","levels":6,"flags":1,"height_cm":0,"min_height_cm":0,"roof_shape":"FLAT","roof_material":"UNKNOWN","wall_material":"PLASTER","seed":3274556932,"tile":"10/516/162"},"geometry":{"type":"Polygon","coordinates":[[[85.3055681,27.7165723],[85.3056947,27.71657],[85.3056973,27.7166823],[85.3055706,27.7166846],[85.3055681,27.7165723]]]}},
{"type":"Feature","properties":{"osm_ref":2000454,"archetype":"NEWAR","use":"HOUSE","levels":4,"flags":1,"height_cm":0,"min_height_cm":0,"roof_shape":"UNKNOWN","roof_material":"UNKNOWN","wall_material":"BRICK","seed":3022714514,"tile":"10/516/162"},"geometry":{"type":"Polygon","coordinates":[[[85.3057062,27.7163367],[85.3058608,27.7163386],[85.3058592,27.7164403],[85.3057046,27.7164384],[85.3057062,27.7163367]]]}},
{"type":"Feature","properties":{"osm_ref":2000456,"archetype":"MODERN_URBAN","use":"HOUSE","levels":6,"flags":1,"height_cm":0,"min_height_cm":0,"roof_shape":"FLAT","roof_material":"UNKNOWN","wall_material":"PLASTER","seed":613804803,"tile":"10/516/162"},"geometry":{"type":"Polygon","coordinates":[[[85.3057066,27.7164503],[85.3058612,27.7164501],[85.3058614,27.7165443],[85.3057067,27.7165445],[85.3057066,27.7164503]]]}},
{"type":"Feature","properties":{"osm_ref":2000458,"archetype":"MODERN_URBAN","use":"COMMERCIAL","levels":5,"flags":0,"height_cm":0,"min_height_cm":0,"roof_shape":"FLAT","roof_material":"UNKNOWN","wall_material":"PLASTER","seed":1402133397,"tile":"10/516/162"},"geometry":{"type":"Polygon","coordinates":[[[85.3057088,27.716554],[85.3058635,27.7165565],[85.3058616,27.7166456],[85.305707,27.716643],[85.3057088,27.716554]]]}},
{"type":"Feature","properties":{"osm_ref":2000460,"archetype":"MODERN_URBAN","use":"COMMERCIAL","levels":6,"flags":1,"height_cm":0,"min_height_cm":0,"roof_shape":"FLAT","roof_material":"UNKNOWN","wall_material":"PLASTER","seed":861229680,"tile":"10/516/162"},"geometry":{"type":"Polygon","coordinates":[[[85.3057094,27.7166547],[85.305864,27.7166556],[85.3058634,27.7167453],[85.3057088,27.7167444],[85.3057094,27.7166547]]]}},
{"type":"Feature","properties":{"osm_ref":2000462,"archetype":"MODERN_URBAN","use":"APARTMENTS","levels":4,"flags":1,"height_cm":0,"min_height_cm":0,"roof_shape":"FLAT","roof_material":"UNKNOWN","wall_material":"PLASTER","seed":1146249958,"tile":"10/516/162"},"geometry":{"type":"Polygon","coordinates":[[[85.3057085,27.7167579],[85.3058631,27.7167536],[85.3058669,27.7168633],[85.3057123,27.7168676],[85.3057085,27.7167579]]]}},
{"type":"Feature","properties":{"osm_ref":2000464,"archetype":"MODERN_URBAN","use":"APARTMENTS","levels":3,"flags":1,"height_cm":0,"min_height_cm":0,"roof_shape":"FLAT","roof_material":"UNKNOWN","wall_material":"PLASTER","seed":3713741660,"tile":"10/516/162"},"geometry":{"type":"Polygon","coordinates":[[[85.3058728,27.7163358],[85.3059842,27.7163367],[85.305983,27.7164453],[85.3058717,27.7164444],[85.3058728,27.7163358]]]}},
{"type":"Feature","properties":{"osm_ref":2000466,"archetype":"NEWAR","use":"APARTMENTS","levels":4,"flags":1,"height_cm":0,"min_height_cm":0,"roof_shape":"UNKNOWN","roof_material":"UNKNOWN","wall_material":"BRICK","seed":2858157002,"tile":"10/516/162"},"geometry":{"type":"Polygon","coordinates":[[[85.305874,27.7164555],[85.3059854,27.7164559],[85.3059849,27.716582],[85.3058735,27.7165816],[85.305874,27.7164555]]]}},
{"type":"Feature","properties":{"osm_ref":2000468,"archetype":"MODERN_URBAN","use":"HOTEL","levels":6,"flags":1,"height_cm":0,"min_height_cm":0,"roof_shape":"FLAT","roof_material":"UNKNOWN","wall_material":"PLASTER","seed":876123753,"tile":"10/516/162"},"geometry":{"type":"Polygon","coordinates":[[[85.3058775,27.7167132],[85.3059889,27.7167149],[85.3059871,27.7168065],[85.3058758,27.7168048],[85.3058775,27.7167132]]]}},
{"type":"Feature","properties":{"osm_ref":2000470,"archetype":"GENERIC","use":"COMMERCIAL","levels":3,"flags":1,"height_cm":0,"min_height_cm":0,"roof_shape":"UNKNOWN","roof_material":"UNKNOWN","wall_material":"UNKNOWN","seed":1128244991,"tile":"10/516/162"},"geometry":{"type":"Polygon","coordinates":[[[85.3059955,27.7163353],[85.306122,27.7163348],[85.3061225,27.7164374],[85.305996,27.7164379],[85.3059955,27.7163353]]]}},
{"type":"Feature","properties":{"osm_ref":2000472,"archetype":"NEWAR","use":"HOUSE","levels":3,"flags":1,"height_cm":0,"min_height_cm":0,"roof_shape":"UNKNOWN","roof_material":"UNKNOWN","wall_material":"BRICK","seed":3661035333,"tile":"10/516/162"},"geometry":{"type":"Polygon","coordinates":[[[85.305997,27.7164485],[85.3061236,27.7164485],[85.3061236,27.7165435],[85.3059971,27.7165435],[85.305997,27.7164485]]]}},
{"type":"Feature","properties":{"osm_ref":2000474,"archetype":"MODERN_URBAN","use":"MIXED_USE","levels":4,"flags":1,"height_cm":0,"min_height_cm":0,"roof_shape":"FLAT","roof_material":"UNKNOWN","wall_material":"PLASTER","seed":2905720787,"tile":"10/516/162"},"geometry":{"type":"Polygon","coordinates":[[[85.3059962,27.7165565],[85.3061227,27.7165522],[85.3061269,27.7166509],[85.3060005,27.7166552],[85.3059962,27.7165565]]]}},
{"type":"Feature","properties":{"osm_ref":2000476,"archetype":"NEWAR","use":"MIXED_USE","levels":4,"flags":1,"height_cm":0,"min_height_cm":0,"roof_shape":"UNKNOWN","roof_material":"UNKNOWN","wall_material":"BRICK","seed":1032772162,"tile":"10/516/162"},"geometry":{"type":"Polygon","coordinates":[[[85.3059999,27.7166638],[85.3061264,27.7166641],[85.3061261,27.7167835],[85.3059996,27.7167832],[85.3059999,27.7166638]]]}},
{"type":"Feature","properties":{"osm_ref":2000478,"archetype":"MODERN_URBAN","use":"MIXED_USE","levels":4,"flags":1,"height_cm":0,"min_height_cm":0,"roof_shape":"FLAT","roof_material":"UNKNOWN","wall_material":"PLASTER","seed":1250552532,"tile":"10/516/162"},"geometry":{"type":"Polygon","coordinates":[[[85.3060001,27.7167953],[85.3061266,27.7167931],[85.3061288,27.7168933],[85.3060023,27.7168954],[85.3060001,27.7167953]]]}},
{"type":"Feature","properties":{"osm_ref":2000480,"archetype":"MODERN_URBAN","use":"COMMERCIAL","levels":5,"flags":1,"height_cm":0,"min_height_cm":0,"roof_shape":"FLAT","roof_material":"UNKNOWN","wall_material":"PLASTER","seed":2081735863,"tile":"10/516/162"},"geometry":{"type":"Polygon","coordinates":[[[85.305129,27.7170209],[85.3052776,27.7170193],[85.3052792,27.7171493],[85.3051307,27.7171509],[85.305129,27.7170209]]]}},
{"type":"Feature","properties":{"osm_ref":2000482,"archetype":"MODERN_URBAN","use":"MIXED_USE","levels":3,"flags":1,"height_cm":0,"min_height_cm":0,"roof_shape":"FLAT","roof_material":"UNKNOWN","wall_material":"PLASTER","seed":185857057,"tile":"10/516/162"},"geometry":{"type":"Polygon","coordinates":[[[85.3051311,27.717272],[85.3052796,27.7172681],[85.3052827,27.7173608],[85.3051341,27.7173647],[85.3051311,27.717272]]]}},
{"type":"Feature","properties":{"osm_ref":2000484,"archetype":"GENERIC","use":"UNKNOWN","levels":3,"flags":1,"height_cm":0,"min_height_cm":0,"roof_shape":"UNKNOWN","roof_material":"UNKNOWN","wall_material":"UNKNOWN","seed":2451219867,"tile":"10/516/162"},"geometry":{"type":"Polygon","coordinates":[[[85.3051337,27.7173739],[85.3052823,27.7173733],[85.3052829,27.717497],[85.3051343,27.7174976],[85.3051337,27.7173739]]]}},
{"type":"Feature","properties":{"osm_ref":2000486,"archetype":"GENERIC","use":"HOUSE","levels":3,"flags":1,"height_cm":0,"min_height_cm":0,"roof_shape":"UNKNOWN","roof_material":"UNKNOWN","wall_material":"UNKNOWN","seed":3843921165,"tile":"10/516/162"},"geometry":{"type":"Polygon","coordinates":[[[85.3051353,27.7175083],[85.3052839,27.717508],[85.3052842,27.7176084],[85.3051356,27.7176087],[85.3051353,27.7175083]]]}},
{"type":"Feature","properties":{"osm_ref":2000488,"archetype":"MODERN_URBAN","use":"COMMERCIAL","levels":3,"flags":1,"height_cm":0,"min_height_cm":0,"roof_shape":"FLAT","roof_material":"UNKNOWN","wall_material":"PLASTER","seed":2071527598,"tile":"10/516/162"},"geometry":{"type":"Polygon","coordinates":[[[85.3051356,27.7176208],[85.3052841,27.717618],[85.3052867,27.7177286],[85.3051381,27.7177314],[85.3051356,27.7176208]]]}},
{"type":"Feature","properties":{"osm_ref":2000490,"archetype":"MODERN_URBAN","use":"APARTMENTS","levels":6,"flags":1,"height_cm":0,"min_height_cm":0,"roof_shape":"FLAT","roof_material":"UNKNOWN","wall_material":"PLASTER","seed":209596472,"tile":"10/516/162"},"geometry":{"type":"Polygon","coordinates":[[[85.305138,27.7177412],[85.3052865,27.7177405],[85.3052872,27.7178538],[85.3051387,27.7178546],[85.305138,27.7177412]]]}},
{"type":"Feature","properties":{"osm_ref":2000492,"archetype":"MODERN_URBAN","use":"UNKNOWN","levels":4,"flags":1,"height_cm":0,"min_height_cm":0,"roof_shape":"FLAT","roof_material":"UNKNOWN","wall_material":"PLASTER","seed":2507628930,"tile":"10/516/162"},"geometry":{"type":"Polygon","coordinates":[[[85.305138,27.717867],[85.3052866,27.7178631],[85.30529,27.7179645],[85.3051414,27.7179685],[85.305138,27.717867]]]}},
{"type":"Feature","properties":{"osm_ref":2000494,"archetype":"MODERN_URBAN","use":"COMMERCIAL","levels":5,"flags":1,"height_cm":0,"min_height_cm":0,"roof_shape":"FLAT","roof_material":"UNKNOWN","wall_material":"PLASTER","seed":3799011604,"tile":"10/516/162"},"geometry":{"type":"Polygon","coordinates":[[[85.3052906,27.7170186],[85.3054167,27.7170188],[85.3054164,27.7171384],[85.3052904,27.7171382],[85.3052906,27.7170186]]]}},
{"type":"Feature","properties":{"osm_ref":2000496,"archetype":"MODERN_URBAN","use":"UNKNOWN","levels":4,"flags":1,"height_cm":0,"min_height_cm":0,"roof_shape":"FLAT","roof_material":"UNKNOWN","wall_material":"PLASTER","seed":1926188165,"tile":"10/516/162"},"geometry":{"type":"Polygon","coordinates":[[[85.3052915,27.7171496],[85.3054175,27.7171487],[85.3054186,27.7172637],[85.3052926,27.7172646],[85.3052915,27.7171496]]]}},
{"type":"Feature","properties":{"osm_ref":2000498,"archetype":"MODERN_URBAN","use":"UNKNOWN","levels":6,"flags":1,"height_cm":0,"min_height_cm":0,"roof_shape":"FLAT","roof_material":"UNKNOWN","wall_material":"PLASTER","seed":97025043,"tile":"10/516/162"},"geometry":{"type":"Polygon","coordinates":[[[85.3052937,27.7173812],[85.3054197,27.7173792],[85.3054216,27.717473],[85.3052956,27.717475],[85.3052937,27.7173812]]]}},
{"type":"Feature","properties":{"osm_ref":2000500,"archetype":"NEWAR","use":"UNKNOWN","levels":4,"flags":1,"height_cm":0,"min_height_cm":0,"roof_shape":"UNKNOWN","roof_material":"UNKNOWN","wall_material":"BRICK","seed":1695544822,"tile":"10/516/162"},"geometry":{"type":"Polygon","coordinates":[[[85.3052938,27.7174869],[85.3054197,27.7174828],[85.3054242,27.7175925],[85.3052983,27.7175966],[85.3052938,27.7174869]]]}},
{"type":"Feature","properties":{"osm_ref":2000502,"archetype":"GENERIC","use":"MIXED_USE","levels":5,"flags":1,"height_cm":0,"min_height_cm":0,"roof_shape":"UNKNOWN","roof_material":"UNKNOWN","wall_material":"UNKNOWN","seed":302564704,"tile":"10/516/162"},"geometry":{"type":"Polygon","coordinates":[[[85.3052979,27.7176049],[85.305424,27.7176059],[85.3054229,27.7177096],[85.3052969,27.7177086],[85.3052979,27.7176049]]]}},
{"type":"Feature","properties":{"osm_ref":2000504,"archetype":"MODERN_URBAN","use":"UNKNOWN","levels":6,"flags":0,"height_cm":0,"min_height_cm":0,"roof_shape":"FLAT","roof_material":"UNKNOWN","wall_material":"PLASTER","seed":2332136666,"tile":"10/516/162"},"geometry":{"type":"Polygon","coordinates":[[[85.3052976,27.7177209],[85.3054237,27.7177189],[85.3054262,27.7178425],[85.3053001,27.7178445],[85.3052976,27.7177209]]]}},
{"type":"Feature","properties":{"osm_ref":2000506,"archetype":"MODERN_URBAN","use":"HOTEL","levels":6,"flags":1,"height_cm":0,"min_height_cm":0,"roof_shape":"FLAT","roof_material":"UNKNOWN","wall_material":"PLASTER","seed":4228293708,"tile":"10/516/162"},"geometry":{"type":"Polygon","coordinates":[[[85.3053,27.7178547],[85.3054261,27.717854],[85.3054267,27.7179556],[85.3053007,27.7179563],[85.3053,27.7178547]]]}},
{"type":"Feature","properties":{"osm_ref":2000508,"archetype":"MODERN_URBAN","use":"HOUSE","levels":6,"flags":1,"height_cm":0,"min_height_cm":0,"roof_shape":"FLAT","roof_material":"UNKNOWN","wall_material":"PLASTER","seed":1650602479,"tile":"10/516/162"},"geometry":{"type":"Polygon","coordinates":[[[85.3054273,27.7170187],[85.3055663,27.717016],[85.3055691,27.7171305],[85.3054301,27.7171332],[85.3054273,27.7170187]]]}},
{"type":"Feature","properties":{"osm_ref":2000510,"archetype":"MODERN_URBAN","use":"APARTMENTS","levels":3,"flags":1,"height_cm":0,"min_height_cm":0,"roof_shape":"FLAT","roof_material":"UNKNOWN","wall_material":"PLASTER","seed":358941049,"tile":"10/516/162"},"geometry":{"type":"Polygon","coordinates":[[[85.3054307,27.7171419],[85.3055697,27.7171435],[85.3055685,27.7172345],[85.3054294,27.717233],[85.3054307,27.7171419]]]}},
{"type":"Feature","properties":{"osm_ref":2000512,"archetype":"MODERN_URBAN","use":"HOUSE","levels":6,"flags":1,"height_cm":0,"min_height_cm":0,"roof_shape":"FLAT","roof_material":"UNKNOWN","wall_material":"PLASTER","seed":2355908803,"tile":"10/516/162"},"geometry":{"type":"Polygon","coordinates":[[[85.3054302,27.7172458],[85.3055693,27.7172434],[85.3055715,27.717346],[85.3054325,27.7173484],[85.3054302,27.7172458]]]}},
{"type":"Feature","properties":{"osm_ref":2000514,"archetype":"MODERN_URBAN","use":"APARTMENTS","levels":3,"flags":1,"height_cm":0,"min_height_cm":0,"roof_shape":"FLAT","roof_material":"UNKNOWN","wall_material":"PLASTER","seed":4218118229,"tile":"10/516/162"},"geometry":{"type":"Polygon","coordinates":[[[85.305432,27.7173587],[85.3055711,27.7173573],[85.3055724,27.7174638],[85.3054334,27.7174652],[85.305432,27.7173587]]]}},
{"type":"Feature","properties":{"osm_ref":2000516,"archetype":"MODERN_URBAN","use":"COMMERCIAL","levels":3,"flags":1,"height_cm":0,"min_height_cm":0,"roof_shape":"FLAT","roof_material":"UNKNOWN","wall_material":"PLASTER","seed":1809087940,"tile":"10/516/162"},"geometry":{"type":"Polygon","coordinates":[[[85.3054351,27.7174742],[85.3055741,27.7174765],[85.3055721,27.7175754],[85.305433,27.7175731],[85.3054351,27.7174742]]]}},
{"type":"Feature","properties":{"osm_ref":2000518,"archetype":"MODERN_URBAN","use":"COMMERCIAL","levels":3,"flags":1,"height_cm":0,"min_height_cm":0,"roof_shape":"FLAT","roof_material":"UNKNOWN","wall_material":"PLASTER","seed":483609938,"tile":"10/516/162"},"geometry":{"type":"Polygon","coordinates":[[[85.305436,27.7175845],[85.3055751,27.7175856],[85.3055739,27.7176998],[85.3054348,27.7176986],[85.305436,27.7175845]]]}},
{"type":"Feature","properties":{"osm_ref":2000520,"archetype":"MODERN_URBAN","use":"UNKNOWN","levels":6,"flags":1,"height_cm":0,"min_height_cm":0,"roof_shape":"FLAT","roof_material":"UNKNOWN","wall_material":"PLASTER","seed":1310893621,"tile":"10/516/162"},"geometry":{"type":"Polygon","coordinates":[[[85.3054353,27.7177118],[85.3055743,27.7177083],[85.3055775,27.7178119],[85.3054385,27.7178154],[85.3054353,27.7177118]]]}},
{"type":"Feature","properties":{"osm_ref":2000522,"archetype":"MODERN_URBAN","use":"HOUSE","levels":6,"flags":1,"height_cm":0,"min_height_cm":0,"roof_shape":"FLAT","roof_material":"UNKNOWN","wall_material":"PLASTER","seed":958764707,"tile":"10/516/162"},"geometry":{"type":"Polygon","coordinates":[[[85.3055796,27.7170162],[85.3057195,27.7170156],[85.3057202,27.7171191],[85.3055802,27.7171198],[85.3055796,27.7170162]]]}},
{"type":"Feature","properties":{"osm_ref":2000524,"archetype":"MODERN_URBAN","use":"UNKNOWN","levels":3,"flags":1,"height_cm":0,"min_height_cm":0,"roof_shape":"FLAT","roof_material":"UNKNOWN","wall_material":"PLASTER","seed":2687289113,"tile":"10/516/162"},"geometry":{"type":"Polygon","coordinates":[[[85.3055795,27.7171319],[85.3057194,27.7171286],[85.3057232,27.7172556],[85.3055833,27.7172589],[85.3055795,27.7171319]]]}},
{"type":"Feature","properties":{"osm_ref":2000526,"archetype":"MODERN_URBAN","use":"HOTEL","levels":6,"flags":1,"height_cm":0,"min_height_cm":0,"roof_shape":"FLAT","roof_material":"UNKNOWN","wall_material":"PLASTER","seed":3609982863,"tile":"10/516/162"},"geometry":{"type":"Polygon","coordinates":[[[85.305582,27.7172691],[85.305722,27.7172672],[85.3057237,27.7173686],[85.3055837,27.7173705],[85.305582,27.7172691]]]}},
{"type":"Feature","properties":{"osm_ref":2000528,"archetype":"MODERN_URBAN","use":"HOTEL","levels":4,"flags":1,"height_cm":0,"min_height_cm":0,"roof_shape":"FLAT","roof_material":"UNKNOWN","wall_material":"PLASTER","seed":1229939244,"tile":"10/516/162"},"geometry":{"type":"Polygon","coordinates":[[[85.3055837,27.717381],[85.3057237,27.7173798],[85.305725,27.7175061],[85.305585,27.7175073],[85.3055837,27.717381]]]}},
{"type":"Feature","properties":{"osm_ref":2000530,"archetype":"GENERIC","use":"APARTMENTS","levels":4,"flags":1,"height_cm":0,"min_height_cm":0,"roof_shape":"UNKNOWN","roof_material":"UNKNOWN","wall_material":"UNKNOWN","seed":1044927162,"tile":"10/516/162"},"geometry":{"type":"Polygon","coordinates":[[[85.3055869,27.7176397],[85.3057269,27.7176389],[85.3057279,27.7177615],[85.3055879,27.7177624],[85.3055869,27.7176397]]]}},
{"type":"Feature","properties":{"osm_ref":2000532,"archetype":"NEWAR","use":"COMMERCIAL","levels":4,"flags":1,"height_cm":0,"min_height_cm":0,"roof_shape":"UNKNOWN","roof_material":"UNKNOWN","wall_material":"BRICK","seed":2806055680,"tile":"10/516/162"},"geometry":{"type":"Polygon","coordinates":[[[85.3057302,27.7170163],[85.3058468,27.7170129],[85.3058503,27.7171089],[85.3057338,27.7171123],[85.3057302,27.7170163]]]}},
{"type":"Feature","properties":{"osm_ref":2000534,"archetype":"NEWAR","use":"APARTMENTS","levels":4,"flags":1,"height_cm":0,"min_height_cm":0,"roof_shape":"UNKNOWN","roof_material":"UNKNOWN","wall_material":"BRICK","seed":3494261654,"tile":"10/516/162"},"geometry":{"type":"Polygon","coordinates":[[[85.3057306,27.7171235],[85.3058472,27.7171195],[85.3058529,27.7172518],[85.3057364,27.7172558],[85.3057306,27.7171235]]]}},
{"type":"Feature","properties":{"osm_ref":2000536,"archetype":"NEWAR","use":"COMMERCIAL","levels":4,"flags":1,"height_cm":0,"min_height_cm":0,"roof_shape":"UNKNOWN","roof_material":"UNKNOWN","wall_material":"BRICK","seed":1090072071,"tile":"10/516/162"},"geometry":{"type":"Polygon","coordinates":[[[85.3057362,27.7172639],[85.3058528,27.7172655],[85.3058506,27.7173865],[85.3057341,27.7173849],[85.3057362,27.7172639]]]}},
{"type":"Feature","properties":{"osm_ref":2000538,"archetype":"NEWAR","use":"COMMERCIAL","levels":3,"flags":1,"height_cm":0,"min_height_cm":0,"roof_shape":"UNKNOWN","roof_material":"UNKNOWN","wall_material":"BRICK","seed":939400849,"tile":"10/516/162"},"geometry":{"type":"Polygon","coordinates":[[[85.3057377,27.7173957],[85.3058543,27.7173974],[85.3058521,27.7175109],[85.3057355,27.7175091],[85.3057377,27.7173957]]]}},
{"type":"Feature","properties":{"osm_ref":2000540,"archetype":"GENERIC","use":"UNKNOWN","levels":6,"flags":1,"height_cm":0,"min_height_cm":0,"roof_shape":"UNKNOWN","roof_material":"UNKNOWN","wall_material":"UNKNOWN","seed":1463392116,"tile":"10/516/162"},"geometry":{"type":"Polygon","coordinates":[[[85.3057368,27.7175219],[85.3058534,27.7175199],[85.3058562,27.7176481],[85.3057396,27.7176501],[85.3057368,27.7175219]]]}},
{"type":"Feature","properties":{"osm_ref":2000542,"archetype":"MODERN_URBAN","use":"APARTMENTS","levels":6,"flags":1,"height_cm":0,"min_height_cm":0,"roof_shape":"FLAT","roof_material":"UNKNOWN","wall_material":"PLASTER","seed":540977122,"tile":"10/516/162"},"geometry":{"type":"Polygon","coordinates":[[[85.3057394,27.7176603],[85.305856,27.7176596],[85.3058569,27.7177818],[85.3057403,27.7177825],[85.3057394,27.7176603]]]}},
{"type":"Feature","properties":{"osm_ref":2000544,"archetype":"NEWAR","use":"COMMERCIAL","levels":3,"flags":1,"height_cm":0,"min_height_cm":0,"roof_shape":"UNKNOWN","roof_material":"UNKNOWN","wall_material":"BRICK","seed":3107452504,"tile":"10/516/162"},"geometry":{"type":"Polygon","coordinates":[[[85.30574,27.7177942],[85.3058566,27.7177917],[85.305859,27.7178833],[85.3057425,27.7178857],[85.30574,27.7177942]]]}},
{"type":"Feature","properties":{"osm_ref":2000546,"archetype":"MODERN_URBAN","use":"COMMERCIAL","levels":5,"flags":1,"height_cm":0,"min_height_cm":0,"roof_shape":"FLAT","roof_material":"UNKNOWN","wall_material":"PLASTER","seed":3459303118,"tile":"10/516/162"},"geometry":{"type":"Polygon","coordinates":[[[85.3057435,27.7178945],[85.3058601,27.7178962],[85.3058582,27.7180022],[85.3057416,27.7180005],[85.3057435,27.7178945]]]}},
{"type":"Feature","properties":{"osm_ref":2000548,"archetype":"GENERIC","use":"APARTMENTS","levels":6,"flags":1,"height_cm":0,"min_height_cm":0,"roof_shape":"UNKNOWN","roof_material":"UNKNOWN","wall_material":"UNKNOWN","seed":1347703661,"tile":"10/516/162"},"geometry":{"type":"Polygon","coordinates":[[[85.3058618,27.7170126],[85.3059862,27.7170141],[85.3059844,27.7171314],[85.30586,27.7171299],[85.3058618,27.7170126]]]}},
{"type":"Feature","properties":{"osm_ref":2000550,"archetype":"GENERIC","use":"UNKNOWN","levels":6,"flags":1,"height_cm":0,"min_height_cm":0,"roof_shape":"UNKNOWN","roof_material":"UNKNOWN","wall_material":"UNKNOWN","seed":659776507,"tile":"10/516/162"},"geometry":{"type":"Polygon","coordinates":[[[85.3058606,27.7171432],[85.305985,27.7171398],[85.3059884,27.7172411],[85.305864,27.7172444],[85.3058606,27.7171432]]]}},
{"type":"Feature","properties":{"osm_ref":2000552,"archetype":"GENERIC","use":"MIXED_USE","levels":3,"flags":1,"height_cm":0,"min_height_cm":0,"roof_shape":"UNKNOWN","roof_material":"UNKNOWN","wall_material":"UNKNOWN","seed":3193582145,"tile":"10/516/162"},"geometry":{"type":"Polygon","coordinates":[[[85.3058609,27.7172559],[85.3059852,27.7172514],[85.3059912,27.7173834],[85.3058669,27.7173878],[85.3058609,27.7172559]]]}},
{"type":"Feature","properties":{"osm_ref":2000554,"archetype":"MODERN_URBAN","use":"HOUSE","levels":4,"flags":1,"height_cm":0,"min_height_cm":0,"roof_shape":"FLAT","roof_material":"UNKNOWN","wall_material":"PLASTER","seed":3378315991,"tile":"10/516/162"},"geometry":{"type":"Polygon","coordinates":[[[85.3058645,27.7173974],[85.3059889,27.7173956],[85.3059905,27.7174848],[85.3058661,27.7174866],[85.3058645,27.7173974]]]}},
{"type":"Feature","properties":{"osm_ref":2000556,"archetype":"GENERIC","use":"HOTEL","levels":3,"flags":1,"height_cm":0,"min_height_cm":0,"roof_shape":"UNKNOWN","roof_material":"UNKNOWN","wall_material":"UNKNOWN","seed":1507991366,"tile":"10/516/162"},"geometry":{"type":"Polygon","coordinates":[[[85.3058655,27.7174974],[85.30599,27.7174957],[85.3059923,27.7176269],[85.3058679,27.7176286],[85.3058655,27.7174974]]]}},
{"type":"Feature","properties":{"osm_ref":2000558,"archetype":"MODERN_URBAN","use":"UNKNOWN","levels":6,"flags":1,"height_cm":0,"min_height_cm":0,"roof_shape":"FLAT","roof_material":"UNKNOWN","wall_material":"PLASTER","seed":786771920,"tile":"10/516/162"},"geometry":{"type":"Polygon","coordinates":[[[85.3058667,27.7176402],[85.3059911,27.717637],[85.3059942,27.717732],[85.3058698,27.7177352],[85.3058667,27.7176402]]]}},
{"type":"Feature","properties":{"osm_ref":2000560,"archetype":"GENERIC","use":"COMMERCIAL","levels":5,"flags":1,"height_cm":0,"min_height_cm":0,"roof_shape":"UNKNOWN","roof_material":"UNKNOWN","wall_material":"UNKNOWN","seed":3500247995,"tile":"10/516/162"},"geometry":{"type":"Polygon","coordinates":[[[85.3058688,27.7177451],[85.3059933,27.7177438],[85.3059949,27.7178652],[85.3058704,27.7178665],[85.3058688,27.7177451]]]}},
{"type":"Feature","properties":{"osm_ref":2000562,"archetype":"MODERN_URBAN","use":"UNKNOWN","levels":6,"flags":1,"height_cm":0,"min_height_cm":0,"roof_shape":"FLAT","roof_material":"UNKNOWN","wall_material":"PLASTER","seed":2812721965,"tile":"10/516/162"},"geometry":{"type":"Polygon","coordinates":[[[85.3058707,27.717877],[85.3059952,27.7178763],[85.3059958,27.7179701],[85.3058713,27.7179708],[85.3058707,27.717877]]]}},
{"type":"Feature","properties":{"osm_ref":2000564,"archetype":"GENERIC","use":"COMMERCIAL","levels":4,"flags":1,"height_cm":0,"min_height_cm":0,"roof_shape":"UNKNOWN","roof_material":"UNKNOWN","wall_material":"UNKNOWN","seed":1051716247,"tile":"10/516/162"},"geometry":{"type":"Polygon","coordinates":[[[85.3059955,27.7170136],[85.306116,27.7170105],[85.3061202,27.7171418],[85.3059997,27.7171449],[85.3059955,27.7170136]]]}},
{"type":"Feature","properties":{"osm_ref":2000566,"archetype":"MODERN_URBAN","use":"UNKNOWN","levels":5,"flags":1,"height_cm":0,"min_height_cm":0,"roof_shape":"FLAT","roof_material":"UNKNOWN","wall_material":"PLASTER","seed":1235802625,"tile":"10/516/162"},"geometry":{"type":"Polygon","coordinates":[[[85.3059988,27.7171545],[85.3061193,27.7171538],[85.3061202,27.7172791],[85.3059997,27.7172798],[85.3059988,27.7171545]]]}},
{"type":"Feature","properties":{"osm_ref":2000568,"archetype":"MODERN_URBAN","use":"HOUSE","levels":5,"flags":1,"height_cm":0,"min_height_cm":0,"roof_shape":"FLAT","roof_material":"UNKNOWN","wall_material":"PLASTER","seed":3620491170,"tile":"10/516/162"},"geometry":{"type":"Polygon","coordinates":[[[85.3060014,27.7172895],[85.3061219,27.717291],[85.3061204,27.7173798],[85.3059999,27.7173782],[85.3060014,27.7172895]]]}},
{"type":"Feature","properties":{"osm_ref":2000570,"archetype":"NEWAR","use":"UNKNOWN","levels":3,"flags":1,"height_cm":0,"min_height_cm":0,"roof_shape":"UNKNOWN","roof_material":"UNKNOWN","wall_material":"BRICK","seed":2697690932,"tile":"10/516/162"},"geometry":{"type":"Polygon","coordinates":[[[85.3060003,27.7173915],[85.3061208,27.7173882],[85.3061239,27.7174783],[85.3060034,27.7174816],[85.3060003,27.7173915]]]}},
{"type":"Feature","properties":{"osm_ref":2000572,"archetype":"GENERIC","use":"COMMERCIAL","levels":4,"flags":1,"height_cm":0,"min_height_cm":0,"roof_shape":"UNKNOWN","roof_material":"UNKNOWN","wall_material":"UNKNOWN","seed":969027214,"tile":"10/516/162"},"geometry":{"type":"Polygon","coordinates":[[[85.3060059,27.7176095],[85.3061264,27.7176115],[85.3061239,27.7177306],[85.3060034,27.7177286],[85.3060059,27.7176095]]]}},
{"type":"Feature","properties":{"osm_ref":2000574,"archetype":"NEWAR","use":"COMMERCIAL","levels":3,"flags":1,"height_cm":0,"min_height_cm":0,"roof_shape":"UNKNOWN","roof_material":"UNKNOWN","wall_material":"BRICK","seed":1321541144,"tile":"10/516/162"},"geometry":{"type":"Polygon","coordinates":[[[85.3060041,27.7177424],[85.3061246,27.7177386],[85.3061285,27.7178384],[85.3060081,27.7178421],[85.3060041,27.7177424]]]}},
{"type":"Feature","properties":{"osm_ref":2000576,"archetype":"MODERN_URBAN","use":"HOUSE","levels":3,"flags":1,"height_cm":0,"min_height_cm":0,"roof_shape":"FLAT","roof_material":"UNKNOWN","wall_material":"PLASTER","seed":3732538249,"tile":"10/516/162"},"geometry":{"type":"Polygon","coordinates":[[[85.3060056,27.7178527],[85.306126,27.7178495],[85.30613,27.717969],[85.3060095,27.7179721],[85.3060056,27.7178527]]]}},
{"type":"Feature","properties":{"osm_ref":2000578,"archetype":"MODERN_URBAN","use":"HOUSE","levels":3,"flags":1,"height_cm":0,"min_height_cm":0,"roof_shape":"FLAT","roof_material":"UNKNOWN","wall_material":"PLASTER","seed":2843554591,"tile":"10/516/162"},"geometry":{"type":"Polygon","coordinates":[[[85.3051426,27.7181032],[85.3052968,27.718103],[85.3052969,27.7182204],[85.3051427,27.7182205],[85.3051426,27.7181032]]]}},
{"type":"Feature","properties":{"osm_ref":2000580,"archetype":"MODERN_URBAN","use":"UNKNOWN","levels":5,"flags":1,"height_cm":0,"min_height_cm":0,"roof_shape":"FLAT","roof_material":"UNKNOWN","wall_material":"PLASTER","seed":3384457978,"tile":"10/516/162"},"geometry":{"type":"Polygon","coordinates":[[[85.3051441,27.7183458],[85.3052983,27.7183426],[85.3053009,27.718442],[85.3051467,27.7184451],[85.3051441,27.7183458]]]}},
{"type":"Feature","properties":{"osm_ref":2000582,"archetype":"GENERIC","use":"UNKNOWN","levels":4,"flags":1,"height_cm":0,"min_height_cm":0,"roof_shape":"UNKNOWN","roof_material":"UNKNOWN","wall_material":"UNKNOWN","seed":3200092780,"tile":"10/516/162"},"geometry":{"type":"Polygon","coordinates":[[[85.3051462,27.718455],[85.3053004,27.7184538],[85.3053016,27.7185675],[85.3051474,27.7185687],[85.3051462,27.718455]]]}},
{"type":"Feature","properties":{"osm_ref":2000584,"archetype":"MODERN_URBAN","use":"APARTMENTS","levels":5,"flags":1,"height_cm":0,"min_height_cm":0,"roof_shape":"FLAT","roof_material":"UNKNOWN","wall_material":"PLASTER","seed":666164182,"tile":"10/516/162"},"geometry":{"type":"Polygon","coordinates":[[[85.3051465,27.7185812],[85.3053006,27.7185767],[85.305304,27.7186682],[85.3051499,27.7186726],[85.3051465,27.7185812]]]}},
{"type":"Feature","properties":{"osm_ref":2000586,"archetype":"MODERN_URBAN","use":"COMMERCIAL","levels":4,"flags":1,"height_cm":0,"min_height_cm":0,"roof_shape":"FLAT","roof_material":"UNKNOWN","wall_material":"PLASTER","seed":1353968448,"tile":"10/516/162"},"geometry":{"type":"Polygon","coordinates":[[[85.305148,27.7186831],[85.3053022,27.7186795],[85.3053049,27.7187739],[85.3051508,27.7187774],[85.305148,27.7186831]]]}},
{"type":"Feature","properties":{"osm_ref":2000588,"archetype":"MODERN_URBAN","use":"UNKNOWN","levels":3,"flags":0,"height_cm":0,"min_height_cm":0,"roof_shape":"FLAT","roof_material":"UNKNOWN","wall_material":"PLASTER","seed":3470229219,"tile":"10/516/162"},"geometry":{"type":"Polygon","coordinates":[[[85.3051488,27.7187889],[85.3053029,27.7187841],[85.3053067,27.7188785],[85.3051526,27.7188833],[85.3051488,27.7187889]]]}},
{"type":"Feature","properties":{"osm_ref":2000590,"archetype":"NEWAR","use":"APARTMENTS","levels":3,"flags":1,"height_cm":0,"min_height_cm":0,"roof_shape":"UNKNOWN","roof_material":"UNKNOWN","wall_material":"BRICK","seed":3117436533,"tile":"10/516/162"},"geometry":{"type":"Polygon","coordinates":[[[85.3051498,27.718894],[85.3053039,27.7188895],[85.3053086,27.7190171],[85.3051544,27.7190215],[85.3051498,27.718894]]]}},
{"type":"Feature","properties":{"osm_ref":2000592,"archetype":"MODERN_URBAN","use":"APARTMENTS","levels":4,"flags":1,"height_cm":0,"min_height_cm":0,"roof_shape":"FLAT","roof_material":"UNKNOWN","wall_material":"PLASTER","seed":551100367,"tile":"10/516/162"},"geometry":{"type":"Polygon","coordinates":[[[85.3053071,27.7181034],[85.3054331,27.7181],[85.3054371,27.7182158],[85.305311,27.7182192],[85.3053071,27.7181034]]]}},
{"type":"Feature","properties":{"osm_ref":2000594,"archetype":"MODERN_URBAN","use":"MIXED_USE","levels":4,"flags":1,"height_cm":0,"min_height_cm":0,"roof_shape":"FLAT","roof_material":"UNKNOWN","wall_material":"PLASTER","seed":1474178905,"tile":"10/516/162"},"geometry":{"type":"Polygon","coordinates":[[[85.30531,27.7182289],[85.3054361,27.7182279],[85.3054372,27.7183505],[85.3053111,27.7183515],[85.30531,27.7182289]]]}},
{"type":"Feature","properties":{"osm_ref":2000596,"archetype":"GENERIC","use":"HOTEL","levels":5,"flags":1,"height_cm":0,"min_height_cm":0,"roof_shape":"UNKNOWN","roof_material":"UNKNOWN","wall_material":"UNKNOWN","seed":3345035976,"tile":"10/516/162"},"geometry":{"type":"Polygon","coordinates":[[[85.3053119,27.718362],[85.305438,27.7183617],[85.3054383,27.7184674],[85.3053122,27.7184676],[85.3053119,27.718362]]]}},
{"type":"Feature","properties":{"osm_ref":2000598,"archetype":"MODERN_URBAN","use":"UNKNOWN","levels":6,"flags":0,"height_cm":0,"min_height_cm":0,"roof_shape":"FLAT","roof_material":"UNKNOWN","wall_material":"PLASTER","seed":2959475294,"tile":"10/516/162"},"geometry":{"type":"Polygon","coordinates":[[[85.305311,27.7184804],[85.305437,27.7184764],[85.3054422,27.7186042],[85.3053162,27.7186083],[85.305311,27.7184804]]]}},
{"type":"Feature","properties":{"osm_ref":2000600,"archetype":"MODERN_URBAN","use":"HOTEL","levels":4,"flags":1,"height_cm":0,"min_height_cm":0,"roof_shape":"FLAT","roof_material":"UNKNOWN","wall_material":"PLASTER","seed":431647620,"tile":"10/516/162"},"geometry":{"type":"Polygon","coordinates":[[[85.3053134,27.7186186],[85.3054395,27.7186157],[85.3054431,27.7187416],[85.305317,27.7187444],[85.3053134,27.7186186]]]}},
{"type":"Feature","properties":{"osm_ref":2000602,"archetype":"MODERN_URBAN","use":"HOTEL","levels":4,"flags":1,"height_cm":0,"min_height_cm":0,"roof_shape":"FLAT","roof_material":"UNKNOWN","wall_material":"PLASTER","seed":1857903378,"tile":"10/516/162"},"geometry":{"type":"Polygon","coordinates":[[[85.3053172,27.7187532],[85.3054433,27.7187545],[85.3054421,27.718846],[85.305316,27.7188447],[85.3053172,27.7187532]]]}},
{"type":"Feature","properties":{"osm_ref":2000604,"archetype":"GENERIC","use":"APARTMENTS","levels":3,"flags":1,"height_cm":0,"min_height_cm":0,"roof_shape":"UNKNOWN","roof_material":"UNKNOWN","wall_material":"UNKNOWN","seed":4155771560,"tile":"10/516/162"},"geometry":{"type":"Polygon","coordinates":[[[85.3053185,27.7188558],[85.3054446,27.7188565],[85.3054438,27.7189876],[85.3053177,27.7189869],[85.3053185,27.7188558]]]}},
{"type":"Feature","properties":{"osm_ref":2000606,"archetype":"MODERN_URBAN","use":"UNKNOWN","levels":4,"flags":1,"height_cm":0,"min_height_cm":0,"roof_shape":"FLAT","roof_material":"UNKNOWN","wall_material":"PLASTER","seed":2159229502,"tile":"10/516/162"},"geometry":{"type":"Polygon","coordinates":[[[85.3054451,27.7181024],[85.3055642,27.7180985],[85.3055686,27.7182039],[85.3054494,27.7182078],[85.3054451,27.7181024]]]}},
{"type":"Feature","properties":{"osm_ref":2000608,"archetype":"MODERN_URBAN","use":"MIXED_USE","levels":6,"flags":1,"height_cm":0,"min_height_cm":0,"roof_shape":"FLAT","roof_material":"UNKNOWN","wall_material":"PLASTER","seed":517451677,"tile":"10/516/162"},"geometry":{"type":"Polygon","coordinates":[[[85.3054509,27.718358],[85.3055701,27.7183591],[85.3055689,27.7184605],[85.3054497,27.7184594],[85.3054509,27.718358]]]}},
{"type":"Feature","properties":{"osm_ref":2000610,"archetype":"NEWAR","use":"MIXED_USE","levels":4,"flags":1,"height_cm":0,"min_height_cm":0,"roof_shape":"UNKNOWN","roof_material":"UNKNOWN","wall_material":"BRICK","seed":1775279883,"tile":"10/516/162"},"geometry":{"type":"Polygon","coordinates":[[[85.3054526,27.7184699],[85.3055718,27.7184717],[85.3055699,27.7185766],[85.3054507,27.7185748],[85.3054526,27.7184699]]]}},
{"type":"Feature","properties":{"osm_ref":2000612,"archetype":"MODERN_URBAN","use":"COMMERCIAL","levels":5,"flags":1,"height_cm":0,"min_height_cm":0,"roof_shape":"FLAT","roof_material":"UNKNOWN","wall_material":"PLASTER","seed":4040806065,"tile":"10/516/162"},"geometry":{"type":"Polygon","coordinates":[[[85.3054521,27.7185873],[85.3055714,27.7185858],[85.3055734,27.7187162],[85.3054542,27.7187177],[85.3054521,27.7185873]]]}},
{"type":"Feature","properties":{"osm_ref":2000614,"archetype":"MODERN_URBAN","use":"COMMERCIAL","levels":5,"flags":1,"height_cm":0,"min_height_cm":0,"roof_shape":"FLAT","roof_material":"UNKNOWN","wall_material":"PLASTER","seed":2279538215,"tile":"10/516/162"},"geometry":{"type":"Polygon","coordinates":[[[85.3054553,27.7187275],[85.3055745,27.7187281],[85.3055736,27.7188614],[85.3054544,27.7188608],[85.3054553,27.7187275]]]}},
{"type":"Feature","properties":{"osm_ref":2000616,"archetype":"GENERIC","use":"HOUSE","levels":4,"flags":1,"height_cm":0,"min_height_cm":0,"roof_shape":"UNKNOWN","roof_material":"UNKNOWN","wall_material":"UNKNOWN","seed":392291254,"tile":"10/516/162"},"geometry":{"type":"Polygon","coordinates":[[[85.3054541,27.7188739],[85.3055733,27.71887],[85.3055781,27.7189856],[85.3054589,27.7189895],[85.3054541,27.7188739]]]}},
{"type":"Feature","properties":{"osm_ref":2000618,"archetype":"GENERIC","use":"MIXED_USE","levels":6,"flags":1,"height_cm":0,"min_height_cm":0,"roof_shape":"UNKNOWN","roof_material":"UNKNOWN","wall_material":"UNKNOWN","seed":1617351456,"tile":"10/516/162"},"geometry":{"type":"Polygon","coordinates":[[[85.3055769,27.7181008],[85.3056958,27.7180976],[85.3056993,27.718202],[85.3055804,27.7182051],[85.3055769,27.7181008]]]}},
{"type":"Feature","properties":{"osm_ref":2000620,"archetype":"GENERIC","use":"MIXED_USE","levels":6,"flags":1,"height_cm":0,"min_height_cm":0,"roof_shape":"UNKNOWN","roof_material":"UNKNOWN","wall_material":"UNKNOWN","seed":10574533,"tile":"10/516/162"},"geometry":{"type":"Polygon","coordinates":[[[85.3055795,27.7182148],[85.3056985,27.718214],[85.3056994,27.7183191],[85.3055805,27.7183199],[85.3055795,27.7182148]]]}},
{"type":"Feature","properties":{"osm_ref":2000622,"archetype":"MODERN_URBAN","use":"HOUSE","levels":6,"flags":1,"height_cm":0,"min_height_cm":0,"roof_shape":"FLAT","roof_material":"UNKNOWN","wall_material":"PLASTER","seed":2007394899,"tile":"10/516/162"},"geometry":{"type":"Polygon","coordinates":[[[85.3055794,27.7183323],[85.3056983,27.7183284],[85.3057021,27.7184214],[85.3055832,27.7184253],[85.3055794,27.7183323]]]}},
{"type":"Feature","properties":{"osm_ref":2000624,"archetype":"NEWAR","use":"MIXED_USE","levels":4,"flags":1,"height_cm":0,"min_height_cm":0,"roof_shape":"UNKNOWN","roof_material":"UNKNOWN","wall_material":"BRICK","seed":4004461545,"tile":"10/516/162"},"geometry":{"type":"Polygon","coordinates":[[[85.3055827,27.718539],[85.3057017,27.7185369],[85.3057038,27.7186286],[85.3055848,27.7186307],[85.3055827,27.718539]]]}},
{"type":"Feature","properties":{"osm_ref":2000626,"archetype":"GENERIC","use":"MIXED_USE","levels":5,"flags":1,"height_cm":0,"min_height_cm":0,"roof_shape":"UNKNOWN","roof_material":"UNKNOWN","wall_material":"UNKNOWN","seed":2577927039,"tile":"10/516/162"},"geometry":{"type":"Polygon","coordinates":[[[85.3055855,27.7186403],[85.3057045,27.7186407],[85.3057038,27.7187683],[85.3055849,27.7187678],[85.3055855,27.7186403]]]}},
{"type":"Feature","properties":{"osm_ref":2000628,"archetype":"MODERN_URBAN","use":"HOTEL","levels":4,"flags":1,"height_cm":0,"min_height_cm":0,"roof_shape":"FLAT","roof_material":"UNKNOWN","wall_material":"PLASTER","seed":130850524,"tile":"10/516/162"},"geometry":{"type":"Polygon","coordinates":[[[85.3055879,27.7187781],[85.3057068,27.7187797],[85.3057048,27.7189027],[85.3055858,27.7189012],[85.3055879,27.7187781]]]}},
{"type":"Feature","properties":{"osm_ref":2000630,"archetype":"MODERN_URBAN","use":"MIXED_USE","levels":4,"flags":1,"height_cm":0,"min_height_cm":0,"roof_shape":"FLAT","roof_material":"UNKNOWN","wall_material":"PLASTER","seed":1892396618,"tile":"10/516/162"},"geometry":{"type":"Polygon","coordinates":[[[85.3055879,27.7189131],[85.3057069,27.7189124],[85.3057076,27.7190073],[85.3055886,27.719008],[85.3055879,27.7189131]]]}},
{"type":"Feature","properties":{"osm_ref":2000632,"archetype":"GENERIC","use":"HOUSE","levels":3,"flags":1,"height_cm":0,"min_height_cm":0,"roof_shape":"UNKNOWN","roof_material":"UNKNOWN","wall_material":"UNKNOWN","seed":3921870832,"tile":"10/516/162"},"geometry":{"type":"Polygon","coordinates":[[[85.3057079,27.7180994],[85.3058267,27.7180964],[85.3058309,27.7182254],[85.305712,27.7182284],[85.3057079,27.7180994]]]}},
{"type":"Feature","properties":{"osm_ref":2000634,"archetype":"GENERIC","use":"UNKNOWN","levels":6,"flags":1,"height_cm":0,"min_height_cm":0,"roof_shape":"UNKNOWN","roof_material":"UNKNOWN","wall_material":"UNKNOWN","seed":2663763814,"tile":"10/516/162"},"geometry":{"type":"Polygon","coordinates":[[[85.3057128,27.718374],[85.3058317,27.7183737],[85.305832,27.7184632],[85.3057131,27.7184634],[85.3057128,27.718374]]]}},
{"type":"Feature","properties":{"osm_ref":2000636,"archetype":"MODERN_URBAN","use":"COMMERCIAL","levels":4,"flags":1,"height_cm":0,"min_height_cm":0,"roof_shape":"FLAT","roof_material":"UNKNOWN","wall_material":"PLASTER","seed":242930423,"tile":"10/516/162"},"geometry":{"type":"Polygon","coordinates":[[[85.3057151,27.7184735],[85.305834,27.7184748],[85.3058324,27.7185873],[85.3057135,27.718586],[85.3057151,27.7184735]]]}},
{"type":"Feature","properties":{"osm_ref":2000638,"archetype":"GENERIC","use":"APARTMENTS","levels":6,"flags":1,"height_cm":0,"min_height_cm":0,"roof_shape":"UNKNOWN","roof_material":"UNKNOWN","wall_material":"UNKNOWN","seed":2038293089,"tile":"10/516/162"},"geometry":{"type":"Polygon","coordinates":[[[85.3057173,27.7185965],[85.3058362,27.7185985],[85.3058334,27.7187309],[85.3057145,27.7187289],[85.3057173,27.7185965]]]}},
{"type":"Feature","properties":{"osm_ref":2000640,"archetype":"MODERN_URBAN","use":"APARTMENTS","levels":3,"flags":1,"height_cm":0,"min_height_cm":0,"roof_shape":"FLAT","roof_material":"UNKNOWN","wall_material":"PLASTER","seed":730597638,"tile":"10/516/162"},"geometry":{"type":"Polygon","coordinates":[[[85.3057167,27.7187413],[85.3058357,27.7187401],[85.3058371,27.718854],[85.3057182,27.7188552],[85.3057167,27.7187413]]]}},
{"type":"Feature","properties":{"osm_ref":2000642,"archetype":"NEWAR","use":"HOTEL","levels":3,"flags":1,"height_cm":0,"min_height_cm":0,"roof_shape":"UNKNOWN","roof_material":"UNKNOWN","wall_material":"BRICK","seed":1552628112,"tile":"10/516/162"},"geometry":{"type":"Polygon","coordinates":[[[85.3057182,27.718866],[85.3058371,27.7188648],[85.3058384,27.7189617],[85.3057195,27.718963],[85.3057182,27.718866]]]}},
{"type":"Feature","properties":{"osm_ref":2000644,"archetype":"MODERN_URBAN","use":"HOTEL","levels":3,"flags":1,"height_cm":0,"min_height_cm":0,"roof_shape":"FLAT","roof_material":"UNKNOWN","wall_material":"PLASTER","seed":3313657898,"tile":"10/516/162"},"geometry":{"type":"Polygon","coordinates":[[[85.3057205,27.7189731],[85.3058394,27.7189733],[85.3058391,27.7190981],[85.3057201,27.7190979],[85.3057205,27.7189731]]]}},
{"type":"Feature","properties":{"osm_ref":2000646,"archetype":"MODERN_URBAN","use":"MIXED_USE","levels":6,"flags":1,"height_cm":0,"min_height_cm":0,"roof_shape":"FLAT","roof_material":"UNKNOWN","wall_material":"PLASTER","seed":2995083452,"tile":"10/516/162"},"geometry":{"type":"Polygon","coordinates":[[[85.3058387,27.7180985],[85.3059634,27.7180949],[85.305968,27.7182229],[85.3058434,27.7182265],[85.3058387,27.7180985]]]}},
{"type":"Feature","properties":{"osm_ref":2000648,"archetype":"MODERN_URBAN","use":"MIXED_USE","levels":5,"flags":1,"height_cm":0,"min_height_cm":0,"roof_shape":"FLAT","roof_material":"UNKNOWN","wall_material":"PLASTER","seed":752995615,"tile":"10/516/162"},"geometry":{"type":"Polygon","coordinates":[[[85.3058421,27.7182359],[85.3059669,27.7182352],[85.3059676,27.7183416],[85.3058429,27.7183423],[85.3058421,27.7182359]]]}},
{"type":"Feature","properties":{"osm_ref":2000650,"archetype":"MODERN_URBAN","use":"COMMERCIAL","levels":6,"flags":1,"height_cm":0,"min_height_cm":0,"roof_shape":"FLAT","roof_material":"UNKNOWN","wall_material":"PLASTER","seed":1541864841,"tile":"10/516/162"},"geometry":{"type":"Polygon","coordinates":[[[85.3058454,27.7186043],[85.3059701,27.7186016],[85.3059732,27.7187106],[85.3058484,27.7187134],[85.3058454,27.7186043]]]}},
{"type":"Feature","properties":{"osm_ref":2000652,"archetype":"MODERN_URBAN","use":"APARTMENTS","levels":3,"flags":1,"height_cm":0,"min_height_cm":0,"roof_shape":"FLAT","roof_material":"UNKNOWN","wall_material":"PLASTER","seed":3270487091,"tile":"10/516/162"},"geometry":{"type":"Polygon","coordinates":[[[85.3058491,27.7187222],[85.3059738,27.7187235],[85.3059724,27.7188334],[85.3058476,27.7188321],[85.3058491,27.7187222]]]}},
{"type":"Feature","properties":{"osm_ref":2000654,"archetype":"MODERN_URBAN","use":"HOUSE","levels":6,"flags":1,"height_cm":0,"min_height_cm":0,"roof_shape":"FLAT","roof_material":"UNKNOWN","wall_material":"PLASTER","seed":3051920549,"tile":"10/516/162"},"geometry":{"type":"Polygon","coordinates":[[[85.3058525,27.7189787],[85.3059772,27.7189807],[85.305975,27.7190879],[85.3058503,27.7190858],[85.3058525,27.7189787]]]}},
{"type":"Feature","properties":{"osm_ref":2000656,"archetype":"MODERN_URBAN","use":"HOUSE","levels":5,"flags":0,"height_cm":0,"min_height_cm":0,"roof_shape":"FLAT","roof_material":"UNKNOWN","wall_material":"PLASTER","seed":626491700,"tile":"10/516/162"},"geometry":{"type":"Polygon","coordinates":[[[85.3059765,27.7180966],[85.3061298,27.7180939],[85.3061324,27.7182061],[85.3059791,27.7182089],[85.3059765,27.7180966]]]}},
{"type":"Feature","properties":{"osm_ref":2000658,"archetype":"MODERN_URBAN","use":"MIXED_USE","levels":6,"flags":1,"height_cm":0,"min_height_cm":0,"roof_shape":"FLAT","roof_material":"UNKNOWN","wall_material":"PLASTER","seed":1381020066,"tile":"10/516/162"},"geometry":{"type":"Polygon","coordinates":[[[85.3059787,27.718219],[85.306132,27.7182177],[85.3061332,27.7183347],[85.3059799,27.718336],[85.3059787,27.718219]]]}},
{"type":"Feature","properties":{"osm_ref":2000660,"archetype":"MODERN_URBAN","use":"APARTMENTS","levels":4,"flags":1,"height_cm":0,"min_height_cm":0,"roof_shape":"FLAT","roof_material":"UNKNOWN","wall_material":"PLASTER","seed":848771143,"tile":"10/516/162"},"geometry":{"type":"Polygon","coordinates":[[[85.3059818,27.7184558],[85.3061351,27.718455],[85.306136,27.7185861],[85.3059826,27.7185869],[85.3059818,27.7184558]]]}},
{"type":"Feature","properties":{"osm_ref":2000662,"archetype":"MODERN_URBAN","use":"MIXED_USE","levels":5,"flags":1,"height_cm":0,"min_height_cm":0,"roof_shape":"FLAT","roof_material":"UNKNOWN","wall_material":"PLASTER","seed":1167067345,"tile":"10/516/162"},"geometry":{"type":"Polygon","coordinates":[[[85.3059821,27.7185992],[85.3061353,27.7185955],[85.3061389,27.7187128],[85.3059856,27.7187165],[85.3059821,27.7185992]]]}},
{"type":"Feature","properties":{"osm_ref":2000664,"archetype":"NEWAR","use":"UNKNOWN","levels":3,"flags":0,"height_cm":0,"min_height_cm":0,"roof_shape":"UNKNOWN","roof_material":"UNKNOWN","wall_material":"BRICK","seed":3701037419,"tile":"10/516/162"},"geometry":{"type":"Polygon","coordinates":[[[85.3059841,27.7187268],[85.3061374,27.7187243],[85.3061401,27.7188576],[85.3059868,27.7188601],[85.3059841,27.7187268]]]}},
{"type":"Feature","properties":{"osm_ref":2000666,"archetype":"NEWAR","use":"HOUSE","levels":4,"flags":1,"height_cm":0,"min_height_cm":0,"roof_shape":"UNKNOWN","roof_material":"UNKNOWN","wall_material":"BRICK","seed":2879285757,"tile":"10/516/162"},"geometry":{"type":"Polygon","coordinates":[[[85.3059871,27.7188696],[85.3061404,27.7188699],[85.3061402,27.7189718],[85.3059868,27.7189715],[85.3059871,27.7188696]]]}},
{"type":"Feature","properties":{"osm_ref":2000668,"archetype":"MODERN_URBAN","use":"COMMERCIAL","levels":4,"flags":1,"height_cm":0,"min_height_cm":0,"roof_shape":"FLAT","roof_material":"UNKNOWN","wall_material":"PLASTER","seed":905641054,"tile":"10/516/162"},"geometry":{"type":"Polygon","coordinates":[[[85.3051566,27.7191854],[85.3052788,27.7191872],[85.3052767,27.7193006],[85.3051545,27.7192988],[85.3051566,27.7191854]]]}},
{"type":"Feature","properties":{"osm_ref":2000670,"archetype":"GENERIC","use":"HOUSE","levels":5,"flags":1,"height_cm":0,"min_height_cm":0,"roof_shape":"UNKNOWN","roof_material":"UNKNOWN","wall_material":"UNKNOWN","seed":1123929288,"tile":"10/516/162"},"geometry":{"type":"Polygon","coordinates":[[[85.3051555,27.7193119],[85.3052777,27.7193092],[85.3052806,27.7194108],[85.3051584,27.7194136],[85.3051555,27.7193119]]]}},
{"type":"Feature","properties":{"osm_ref":2000672,"archetype":"MODERN_URBAN","use":"COMMERCIAL","levels":4,"flags":1,"height_cm":0,"min_height_cm":0,"roof_shape":"FLAT","roof_material":"UNKNOWN","wall_material":"PLASTER","seed":3690241394,"tile":"10/516/162"},"geometry":{"type":"Polygon","coordinates":[[[85.3051579,27.7194234],[85.3052801,27.7194227],[85.3052807,27.7195122],[85.3051585,27.7195129],[85.3051579,27.7194234]]]}},
{"type":"Feature","properties":{"osm_ref":2000674,"archetype":"NEWAR","use":"HOUSE","levels":4,"flags":1,"height_cm":0,"min_height_cm":0,"roof_shape":"UNKNOWN","roof_material":"UNKNOWN","wall_material":"BRICK","seed":2901650916,"tile":"10/516/162"},"geometry":{"type":"Polygon","coordinates":[[[85.3051595,27.7195233],[85.3052817,27.7195235],[85.3052815,27.7196145],[85.3051593,27.7196143],[85.3051595,27.7195233]]]}},
{"type":"Feature","properties":{"osm_ref":2000676,"archetype":"GENERIC","use":"HOTEL","levels":6,"flags":1,"height_cm":0,"min_height_cm":0,"roof_shape":"UNKNOWN","roof_material":"UNKNOWN","wall_material":"UNKNOWN","seed":1011658869,"tile":"10/516/162"},"geometry":{"type":"Polygon","coordinates":[[[85.3051586,27.7196273],[85.3052807,27.7196233],[85.3052849,27.7197224],[85.3051628,27.7197264],[85.3051586,27.7196273]]]}},
{"type":"Feature","properties":{"osm_ref":2000678,"archetype":"GENERIC","use":"HOUSE","levels":3,"flags":1,"height_cm":0,"min_height_cm":0,"roof_shape":"UNKNOWN","roof_material":"UNKNOWN","wall_material":"UNKNOWN","seed":1263239395,"tile":"10/516/162"},"geometry":{"type":"Polygon","coordinates":[[[85.3051604,27.719737],[85.3052826,27.7197336],[85.3052856,27.7198225],[85.3051635,27.7198258],[85.3051604,27.719737]]]}},
{"type":"Feature","properties":{"osm_ref":2000680,"archetype":"GENERIC","use":"MIXED_USE","levels":3,"flags":1,"height_cm":0,"min_height_cm":0,"roof_shape":"UNKNOWN","roof_material":"UNKNOWN","wall_material":"UNKNOWN","seed":2111221376,"tile":"10/516/162"},"geometry":{"type":"Polygon","coordinates":[[[85.3051626,27.7198355],[85.3052848,27.7198345],[85.3052859,27.7199362],[85.3051637,27.7199373],[85.3051626,27.7198355]]]}},
{"type":"Feature","properties":{"osm_ref":2000682,"archetype":"MODERN_URBAN","use":"UNKNOWN","levels":3,"flags":1,"height_cm":0,"min_height_cm":0,"roof_shape":"FLAT","roof_material":"UNKNOWN","wall_material":"PLASTER","seed":181509654,"tile":"10/516/162"},"geometry":{"type":"Polygon","coordinates":[[[85.305165,27.7199471],[85.3052873,27.7199481],[85.3052862,27.7200522],[85.305164,27.7200513],[85.305165,27.7199471]]]}},
{"type":"Feature","properties":{"osm_ref":2000684,"archetype":"MODERN_URBAN","use":"COMMERCIAL","levels":4,"flags":1,"height_cm":0,"min_height_cm":0,"roof_shape":"FLAT","roof_material":"UNKNOWN","wall_material":"PLASTER","seed":2480459692,"tile":"10/516/162"},"geometry":{"type":"Polygon","coordinates":[[[85.3051639,27.7200644],[85.3052861,27.7200608],[85.3052902,27.7201721],[85.305168,27.7201756],[85.3051639,27.7200644]]]}},
{"type":"Feature","properties":{"osm_ref":2000686,"archetype":"MODERN_URBAN","use":"UNKNOWN","levels":6,"flags":1,"height_cm":0,"min_height_cm":0,"roof_shape":"FLAT","roof_material":"UNKNOWN","wall_material":"PLASTER","seed":3839885114,"tile":"10/516/162"},"geometry":{"type":"Polygon","coordinates":[[[85.3052877,27.7191871],[85.3054154,27.7191829],[85.3054197,27.7192863],[85.305292,27.7192905],[85.3052877,27.7191871]]]}},
{"type":"Feature","properties":{"osm_ref":2000688,"archetype":"MODERN_URBAN","use":"APARTMENTS","levels":3,"flags":1,"height_cm":0,"min_height_cm":0,"roof_shape":"FLAT","roof_material":"UNKNOWN","wall_material":"PLASTER","seed":2059102873,"tile":"10/516/162"},"geometry":{"type":"Polygon","coordinates":[[[85.3052896,27.7193008],[85.3054173,27.7192978],[85.3054207,27.7194151],[85.305293,27.7194181],[85.3052896,27.7193008]]]}},
{"type":"Feature","properties":{"osm_ref":2000690,"archetype":"MODERN_URBAN","use":"COMMERCIAL","levels":3,"flags":1,"height_cm":0,"min_height_cm":0,"roof_shape":"FLAT","roof_material":"UNKNOWN","wall_material":"PLASTER","seed":230447631,"tile":"10/516/162"},"geometry":{"type":"Polygon","coordinates":[[[85.3052907,27.7194296],[85.3054184,27.7194253],[85.3054223,27.719519],[85.3052947,27.7195233],[85.3052907,27.7194296]]]}},
{"type":"Feature","properties":{"osm_ref":2000692,"archetype":"NEWAR","use":"MIXED_USE","levels":3,"flags":1,"height_cm":0,"min_height_cm":0,"roof_shape":"UNKNOWN","roof_material":"UNKNOWN","wall_material":"BRICK","seed":2494892981,"tile":"10/516/162"},"geometry":{"type":"Polygon","coordinates":[[[85.3052923,27.7195336],[85.30542,27.7195305],[85.3054236,27.7196507],[85.3052959,27.7196537],[85.3052923,27.7195336]]]}},
{"type":"Feature","properties":{"osm_ref":2000694,"archetype":"MODERN_URBAN","use":"HOTEL","levels":4,"flags":1,"height_cm":0,"min_height_cm":0,"roof_shape":"FLAT","roof_material":"UNKNOWN","wall_material":"PLASTER","seed":3820108579,"tile":"10/516/162"},"geometry":{"type":"Polygon","coordinates":[[[85.3052953,27.7196633],[85.305423,27.7196628],[85.3054235,27.7197683],[85.3052958,27.7197687],[85.3052953,27.7196633]]]}},
{"type":"Feature","properties":{"osm_ref":2000696,"archetype":"MODERN_URBAN","use":"UNKNOWN","levels":6,"flags":1,"height_cm":0,"min_height_cm":0,"roof_shape":"FLAT","roof_material":"UNKNOWN","wall_material":"PLASTER","seed":1930241714,"tile":"10/516/162"},"geometry":{"type":"Polygon","coordinates":[[[85.3052956,27.7197805],[85.3054233,27.7197782],[85.3054263,27.7199079],[85.3052986,27.7199103],[85.3052956,27.7197805]]]}},
{"type":"Feature","properties":{"osm_ref":2000698,"archetype":"MODERN_URBAN","use":"APARTMENTS","levels":4,"flags":1,"height_cm":0,"min_height_cm":0,"roof_shape":"FLAT","roof_material":"UNKNOWN","wall_material":"PLASTER","seed":67769892,"tile":"10/516/162"},"geometry":{"type":"Polygon","coordinates":[[[85.3052995,27.7199191],[85.3054272,27.7199208],[85.3054255,27.7200243],[85.3052977,27.7200226],[85.3052995,27.7199191]]]}},
{"type":"Feature","properties":{"osm_ref":2000700,"archetype":"MODERN_URBAN","use":"MIXED_USE","levels":5,"flags":1,"height_cm":0,"min_height_cm":0,"roof_shape":"FLAT","roof_material":"UNKNOWN","wall_material":"PLASTER","seed":1691197377,"tile":"10/516/162"},"geometry":{"type":"Polygon","coordinates":[[[85.3052996,27.7200347],[85.3054274,27.7200339],[85.3054284,27.7201667],[85.3053006,27.7201674],[85.3052996,27.7200347]]]}},
{"type":"Feature","properties":{"osm_ref":2000702,"archetype":"MODERN_URBAN","use":"HOUSE","levels":6,"flags":1,"height_cm":0,"min_height_cm":0,"roof_shape":"FLAT","roof_material":"UNKNOWN","wall_material":"PLASTER","seed":332050263,"tile":"10/516/162"},"geometry":{"type":"Polygon","coordinates":[[[85.3054284,27.7191849],[85.305539,27.7191826],[85.3055418,27.7192917],[85.3054312,27.7192939],[85.3054284,27.7191849]]]}},
{"type":"Feature","properties":{"osm_ref":2000704,"archetype":"MODERN_URBAN","use":"HOTEL","levels":4,"flags":1,"height_cm":0,"min_height_cm":0,"roof_shape":"FLAT","roof_material":"UNKNOWN","wall_material":"PLASTER","seed":2328100589,"tile":"10/516/162"},"geometry":{"type":"Polygon","coordinates":[[[85.3054318,27.719303],[85.3055424,27.7193043],[85.3055411,27.7193928],[85.3054304,27.7193914],[85.3054318,27.719303]]]}},
{"type":"Feature","properties":{"osm_ref":2000706,"archetype":"MODERN_URBAN","use":"HOTEL","levels":6,"flags":1,"height_cm":0,"min_height_cm":0,"roof_shape":"FLAT","roof_material":"UNKNOWN","wall_material":"PLASTER","seed":4257533563,"tile":"10/516/162"},"geometry":{"type":"Polygon","coordinates":[[[85.3054333,27.7194023],[85.305544,27.7194036],[85.3055422,27.7195193],[85.3054315,27.7195179],[85.3054333,27.7194023]]]}},
{"type":"Feature","properties":{"osm_ref":2000708,"archetype":"MODERN_URBAN","use":"APARTMENTS","levels":6,"flags":1,"height_cm":0,"min_height_cm":0,"roof_shape":"FLAT","roof_material":"UNKNOWN","wall_material":"PLASTER","seed":1671453656,"tile":"10/516/162"},"geometry":{"type":"Polygon","coordinates":[[[85.3054319,27.719531],[85.3055425,27.7195279],[85.3055468,27.7196514],[85.3054361,27.7196545],[85.3054319,27.719531]]]}},
{"type":"Feature","properties":{"osm_ref":2000710,"archetype":"MODERN_URBAN","use":"COMMERCIAL","levels":6,"flags":1,"height_cm":0,"min_height_cm":0,"roof_shape":"FLAT","roof_material":"UNKNOWN","wall_material":"PLASTER","seed":346516302,"tile":"10/516/162"},"geometry":{"type":"Polygon","coordinates":[[[85.3054357,27.7196637],[85.3055464,27.7196639],[85.3055461,27.719784],[85.3054354,27.7197838],[85.3054357,27.7196637]]]}},
{"type":"Feature","properties":{"osm_ref":2000712,"archetype":"MODERN_URBAN","use":"HOUSE","levels":6,"flags":1,"height_cm":0,"min_height_cm":0,"roof_shape":"FLAT","roof_material":"UNKNOWN","wall_material":"PLASTER","seed":2377005812,"tile":"10/516/162"},"geometry":{"type":"Polygon","coordinates":[[[85.3054376,27.7197942],[85.3055483,27.7197953],[85.3055471,27.7198968],[85.3054364,27.7198957],[85.3054376,27.7197942]]]}},
{"type":"Feature","properties":{"osm_ref":2000714,"archetype":"NEWAR","use":"APARTMENTS","levels":4,"flags":1,"height_cm":0,"min_height_cm":0,"roof_shape":"UNKNOWN","roof_material":"UNKNOWN","wall_material":"BRICK","seed":4205382242,"tile":"10/516/162"},"geometry":{"type":"Polygon","coordinates":[[[85.305439,27.7199065],[85.3055497,27.7199077],[85.3055483,27.7200064],[85.3054377,27.7200052],[85.305439,27.7199065]]]}},
{"type":"Feature","properties":{"osm_ref":2000716,"archetype":"GENERIC","use":"APARTMENTS","levels":5,"flags":1,"height_cm":0,"min_height_cm":0,"roof_shape":"UNKNOWN","roof_material":"UNKNOWN","wall_material":"UNKNOWN","seed":1779832819,"tile":"10/516/162"},"geometry":{"type":"Polygon","coordinates":[[[85.3054383,27.7200177],[85.305549,27.7200157],[85.305552,27.7201469],[85.3054413,27.7201489],[85.3054383,27.7200177]]]}},
{"type":"Feature","properties":{"osm_ref":2000718,"archetype":"MODERN_URBAN","use":"APARTMENTS","levels":5,"flags":0,"height_cm":0,"min_height_cm":0,"roof_shape":"FLAT","roof_material":"UNKNOWN","wall_material":"PLASTER","seed":487663461,"tile":"10/516/162"},"geometry":{"type":"Polygon","coordinates":[[[85.3055537,27.7191814],[85.3056833,27.7191836],[85.3056811,27.7192888],[85.3055515,27.7192866],[85.3055537,27.7191814]]]}},
{"type":"Feature","properties":{"osm_ref":2000720,"archetype":"MODERN_URBAN","use":"UNKNOWN","levels":3,"flags":1,"height_cm":0,"min_height_cm":0,"roof_shape":"FLAT","roof_material":"UNKNOWN","wall_material":"PLASTER","seed":1340132354,"tile":"10/516/162"},"geometry":{"type":"Polygon","coordinates":[[[85.3055548,27.7192978],[85.3056844,27.7192993],[85.3056829,27.7194102],[85.3055532,27.7194088],[85.3055548,27.7192978]]]}},
{"type":"Feature","properties":{"osm_ref":2000722,"archetype":"MODERN_URBAN","use":"HOTEL","levels":5,"flags":1,"height_cm":0,"min_height_cm":0,"roof_shape":"FLAT","roof_material":"UNKNOWN","wall_material":"PLASTER","seed":954727572,"tile":"10/516/162"},"geometry":{"type":"Polygon","coordinates":[[[85.3055536,27.7194222],[85.3056832,27.7194185],[85.3056867,27.7195155],[85.3055572,27.7195192],[85.3055536,27.7194222]]]}},
{"type":"Feature","properties":{"osm_ref":2000724,"archetype":"NEWAR","use":"MIXED_USE","levels":3,"flags":1,"height_cm":0,"min_height_cm":0,"roof_shape":"UNKNOWN","roof_material":"UNKNOWN","wall_material":"BRICK","seed":2716773678,"tile":"10/516/162"},"geometry":{"type":"Polygon","coordinates":[[[85.3055575,27.7195274],[85.3056871,27.7195291],[85.3056855,27.7196254],[85.3055559,27.7196237],[85.3055575,27.7195274]]]}},
{"type":"Feature","properties":{"osm_ref":2000726,"archetype":"MODERN_URBAN","use":"HOTEL","levels":6,"flags":1,"height_cm":0,"min_height_cm":0,"roof_shape":"FLAT","roof_material":"UNKNOWN","wall_material":"PLASTER","seed":3605634488,"tile":"10/516/162"},"geometry":{"type":"Polygon","coordinates":[[[85.3055564,27.7196369],[85.305686,27.7196339],[85.3056894,27.7197523],[85.3055598,27.7197553],[85.3055564,27.7196369]]]}},
{"type":"Feature","properties":{"osm_ref":2000728,"archetype":"MODERN_URBAN","use":"UNKNOWN","levels":6,"flags":1,"height_cm":0,"min_height_cm":0,"roof_shape":"FLAT","roof_material":"UNKNOWN","wall_material":"PLASTER","seed":1217202203,"tile":"10/516/162"},"geometry":{"type":"Polygon","coordinates":[[[85.3055581,27.7197662],[85.3056876,27.7197632],[85.3056906,27.7198647],[85.305561,27.7198677],[85.3055581,27.7197662]]]}},
{"type":"Feature","properties":{"osm_ref":2000730,"archetype":"MODERN_URBAN","use":"COMMERCIAL","levels":3,"flags":1,"height_cm":0,"min_height_cm":0,"roof_shape":"FLAT","roof_material":"UNKNOWN","wall_material":"PLASTER","seed":1066023053,"tile":"10/516/162"},"geometry":{"type":"Polygon","coordinates":[[[85.3055604,27.7198776],[85.30569,27.7198766],[85.3056913,27.7200067],[85.3055616,27.7200076],[85.3055604,27.7198776]]]}},
{"type":"Feature","properties":{"osm_ref":2000732,"archetype":"GENERIC","use":"MIXED_USE","levels":6,"flags":0,"height_cm":0,"min_height_cm":0,"roof_shape":"UNKNOWN","roof_material":"UNKNOWN","wall_material":"UNKNOWN","seed":2793630007,"tile":"10/516/162"},"geometry":{"type":"Polygon","coordinates":[[[85.3055633,27.7200174],[85.3056929,27.7200185],[85.3056916,27.7201433],[85.305562,27.7201422],[85.3055633,27.7200174]]]}},
{"type":"Feature","properties":{"osm_ref":2000734,"archetype":"GENERIC","use":"MIXED_USE","levels":5,"flags":0,"height_cm":0,"min_height_cm":0,"roof_shape":"UNKNOWN","roof_material":"UNKNOWN","wall_material":"UNKNOWN","seed":3515111841,"tile":"10/516/162"},"geometry":{"type":"Polygon","coordinates":[[[85.3056957,27.7191798],[85.3058428,27.7191823],[85.3058403,27.7192997],[85.3056932,27.7192972],[85.3056957,27.7191798]]]}},
{"type":"Feature","properties":{"osm_ref":2000736,"archetype":"MODERN_URBAN","use":"UNKNOWN","levels":5,"flags":1,"height_cm":0,"min_height_cm":0,"roof_shape":"FLAT","roof_material":"UNKNOWN","wall_material":"PLASTER","seed":1094403120,"tile":"10/516/162"},"geometry":{"type":"Polygon","coordinates":[[[85.3056965,27.7193085],[85.3058436,27.7193101],[85.3058423,27.7194045],[85.3056952,27.7194029],[85.3056965,27.7193085]]]}},
{"type":"Feature","properties":{"osm_ref":2000738,"archetype":"MODERN_URBAN","use":"APARTMENTS","levels":4,"flags":1,"height_cm":0,"min_height_cm":0,"roof_shape":"FLAT","roof_material":"UNKNOWN","wall_material":"PLASTER","seed":909931686,"tile":"10/516/162"},"geometry":{"type":"Polygon","coordinates":[[[85.3056981,27.7194137],[85.3058452,27.7194153],[85.3058435,27.7195371],[85.3056964,27.7195354],[85.3056981,27.7194137]]]}},
{"type":"Feature","properties":{"osm_ref":2000740,"archetype":"MODERN_URBAN","use":"MIXED_USE","levels":6,"flags":1,"height_cm":0,"min_height_cm":0,"roof_shape":"FLAT","roof_material":"UNKNOWN","wall_material":"PLASTER","seed":1459354947,"tile":"10/516/162"},"geometry":{"type":"Polygon","coordinates":[[[85.305699,27.7195469],[85.305846,27.7195473],[85.3058457,27.7196604],[85.3056986,27.71966],[85.305699,27.7195469]]]}},
{"type":"Feature","properties":{"osm_ref":2000742,"archetype":"MODERN_URBAN","use":"UNKNOWN","levels":6,"flags":1,"height_cm":0,"min_height_cm":0,"roof_shape":"FLAT","roof_material":"UNKNOWN","wall_material":"PLASTER","seed":570215893,"tile":"10/516/162"},"geometry":{"type":"Polygon","coordinates":[[[85.3057004,27.719671],[85.3058475,27.719671],[85.3058474,27.7198001],[85.3057003,27.7198],[85.3057004,27.719671]]]}},
{"type":"Feature","properties":{"osm_ref":2000744,"archetype":"MODERN_URBAN","use":"HOTEL","levels":3,"flags":1,"height_cm":0,"min_height_cm":0,"roof_shape":"FLAT","roof_material":"UNKNOWN","wall_material":"PLASTER","seed":3103104111,"tile":"10/516/162"},"geometry":{"type":"Polygon","coordinates":[[[85.3057,27.7198131],[85.305847,27.7198087],[85.3058508,27.7199104],[85.3057038,27.7199147],[85.3057,27.7198131]]]}},
{"type":"Feature","properties":{"osm_ref":2000746,"archetype":"NEWAR","use":"MIXED_USE","levels":3,"flags":1,"height_cm":0,"min_height_cm":0,"roof_shape":"UNKNOWN","roof_material":"UNKNOWN","wall_material":"BRICK","seed":3488787705,"tile":"10/516/162"},"geometry":{"type":"Polygon","coordinates":[[[85.3057023,27.7199244],[85.3058494,27.7199225],[85.3058515,27.7200523],[85.3057044,27.7200542],[85.3057023,27.7199244]]]}},
{"type":"Feature","properties":{"osm_ref":2000748,"archetype":"GENERIC","use":"UNKNOWN","levels":5,"flags":1,"height_cm":0,"min_height_cm":0,"roof_shape":"UNKNOWN","roof_material":"UNKNOWN","wall_material":"UNKNOWN","seed":1368799578,"tile":"10/516/162"},"geometry":{"type":"Polygon","coordinates":[[[85.3057044,27.7200647],[85.3058514,27.7200635],[85.3058524,27.7201619],[85.3057054,27.7201631],[85.3057044,27.7200647]]]}},
{"type":"Feature","properties":{"osm_ref":2000750,"archetype":"MODERN_URBAN","use":"UNKNOWN","levels":6,"flags":1,"height_cm":0,"min_height_cm":0,"roof_shape":"FLAT","roof_material":"UNKNOWN","wall_material":"PLASTER","seed":647039436,"tile":"10/516/162"},"geometry":{"type":"Polygon","coordinates":[[[85.3058539,27.7191792],[85.3059996,27.71918],[85.305999,27.719269],[85.3058532,27.7192681],[85.3058539,27.7191792]]]}},
{"type":"Feature","properties":{"osm_ref":2000752,"archetype":"GENERIC","use":"HOUSE","levels":4,"flags":1,"height_cm":0,"min_height_cm":0,"roof_shape":"UNKNOWN","roof_material":"UNKNOWN","wall_material":"UNKNOWN","seed":3214432374,"tile":"10/516/162"},"geometry":{"type":"Polygon","coordinates":[[[85.3058548,27.7192796],[85.3060006,27.7192792],[85.3060009,27.7194088],[85.3058551,27.7194091],[85.3058548,27.7192796]]]}},
{"type":"Feature","properties":{"osm_ref":2000754,"archetype":"MODERN_URBAN","use":"MIXED_USE","levels":5,"flags":1,"height_cm":0,"min_height_cm":0,"roof_shape":"FLAT","roof_material":"UNKNOWN","wall_material":"PLASTER","seed":3365890272,"tile":"10/516/162"},"geometry":{"type":"Polygon","coordinates":[[[85.305856,27.7194203],[85.3060018,27.7194192],[85.3060028,27.7195228],[85.305857,27.7195239],[85.305856,27.7194203]]]}},
{"type":"Feature","properties":{"osm_ref":2000756,"archetype":"GENERIC","use":"HOUSE","levels":4,"flags":1,"height_cm":0,"min_height_cm":0,"roof_shape":"UNKNOWN","roof_material":"UNKNOWN","wall_material":"UNKNOWN","seed":1478522225,"tile":"10/516/162"},"geometry":{"type":"Polygon","coordinates":[[[85.3058568,27.7195354],[85.3060025,27.719533],[85.3060048,27.7196469],[85.3058591,27.7196493],[85.3058568,27.7195354]]]}},
{"type":"Feature","properties":{"osm_ref":2000758,"archetype":"NEWAR","use":"UNKNOWN","levels":4,"flags":1,"height_cm":0,"min_height_cm":0,"roof_shape":"UNKNOWN","roof_material":"UNKNOWN","wall_material":"BRICK","seed":791102951,"tile":"10/516/162"},"geometry":{"type":"Polygon","coordinates":[[[85.3058579,27.7196604],[85.3060036,27.7196575],[85.3060069,27.7197892],[85.3058612,27.7197921],[85.3058579,27.7196604]]]}},
{"type":"Feature","properties":{"osm_ref":2000760,"archetype":"NEWAR","use":"APARTMENTS","levels":3,"flags":1,"height_cm":0,"min_height_cm":0,"roof_shape":"UNKNOWN","roof_material":"UNKNOWN","wall_material":"BRICK","seed":3512983948,"tile":"10/516/162"},"geometry":{"type":"Polygon","coordinates":[[[85.3058614,27.7198011],[85.3060072,27.7198019],[85.3060064,27.7199058],[85.3058606,27.719905],[85.3058614,27.7198011]]]}},
{"type":"Feature","properties":{"osm_ref":2000762,"archetype":"GENERIC","use":"COMMERCIAL","levels":6,"flags":1,"height_cm":0,"min_height_cm":0,"roof_shape":"UNKNOWN","roof_material":"UNKNOWN","wall_material":"UNKNOWN","seed":2791624986,"tile":"10/516/162"},"geometry":{"type":"Polygon","coordinates":[[[85.305863,27.7199155],[85.3060088,27.7199169],[85.3060076,27.7200179],[85.3058618,27.7200165],[85.305863,27.7199155]]]}},
{"type":"Feature","properties":{"osm_ref":2000764,"archetype":"GENERIC","use":"COMMERCIAL","levels":3,"flags":1,"height_cm":0,"min_height_cm":0,"roof_shape":"UNKNOWN","roof_material":"UNKNOWN","wall_material":"UNKNOWN","seed":1064140960,"tile":"10/516/162"},"geometry":{"type":"Polygon","coordinates":[[[85.3058639,27.7200279],[85.3060097,27.7200282],[85.3060094,27.7201412],[85.3058636,27.7201409],[85.3058639,27.7200279]]]}},
{"type":"Feature","properties":{"osm_ref":2000766,"archetype":"MODERN_URBAN","use":"MIXED_USE","levels":3,"flags":1,"height_cm":0,"min_height_cm":0,"roof_shape":"FLAT","roof_material":"UNKNOWN","wall_material":"PLASTER","seed":1214951478,"tile":"10/516/162"},"geometry":{"type":"Polygon","coordinates":[[[85.3060118,27.719178],[85.3061485,27.7191782],[85.3061483,27.7193084],[85.3060116,27.7193082],[85.3060118,27.719178]]]}},
{"type":"Feature","properties":{"osm_ref":2000768,"archetype":"MODERN_URBAN","use":"COMMERCIAL","levels":6,"flags":1,"height_cm":0,"min_height_cm":0,"roof_shape":"FLAT","roof_material":"UNKNOWN","wall_material":"PLASTER","seed":3591251349,"tile":"10/516/162"},"geometry":{"type":"Polygon","coordinates":[[[85.3060133,27.719319],[85.3061499,27.7193192],[85.3061498,27.7194152],[85.3060131,27.719415],[85.3060133,27.719319]]]}},
{"type":"Feature","properties":{"osm_ref":2000770,"archetype":"MODERN_URBAN","use":"COMMERCIAL","levels":4,"flags":1,"height_cm":0,"min_height_cm":0,"roof_shape":"FLAT","roof_material":"UNKNOWN","wall_material":"PLASTER","seed":2701726979,"tile":"10/516/162"},"geometry":{"type":"Polygon","coordinates":[[[85.306016,27.719542],[85.3061527,27.719542],[85.3061527,27.7196694],[85.306016,27.7196694],[85.306016,27.719542]]]}},
{"type":"Feature","properties":{"osm_ref":2000772,"archetype":"MODERN_URBAN","use":"COMMERCIAL","levels":3,"flags":1,"height_cm":0,"min_height_cm":0,"roof_shape":"FLAT","roof_material":"UNKNOWN","wall_material":"PLASTER","seed":939541689,"tile":"10/516/162"},"geometry":{"type":"Polygon","coordinates":[[[85.3060174,27.7196804],[85.3061541,27.71968],[85.3061546,27.7198037],[85.3060179,27.7198041],[85.3060174,27.7196804]]]}},
{"type":"Feature","properties":{"osm_ref":2000774,"archetype":"MODERN_URBAN","use":"MIXED_USE","levels":5,"flags":1,"height_cm":0,"min_height_cm":0,"roof_shape":"FLAT","roof_material":"UNKNOWN","wall_material":"PLASTER","seed":1325888559,"tile":"10/516/162"},"geometry":{"type":"Polygon","coordinates":[[[85.3060202,27.7198138],[85.3061569,27.7198157],[85.3061548,27.7199295],[85.3060182,27.7199276],[85.3060202,27.7198138]]]}},
{"type":"Feature","properties":{"osm_ref":2000776,"archetype":"GENERIC","use":"UNKNOWN","levels":6,"flags":1,"height_cm":0,"min_height_cm":0,"roof_shape":"UNKNOWN","roof_material":"UNKNOWN","wall_material":"UNKNOWN","seed":3753404862,"tile":"10/516/162"},"geometry":{"type":"Polygon","coordinates":[[[85.3060207,27.7199392],[85.3061573,27.7199395],[85.3061571,27.7200282],[85.3060204,27.7200279],[85.3060207,27.7199392]]]}},
{"type":"Feature","properties":{"osm_ref":2000778,"archetype":"MODERN_URBAN","use":"HOTEL","levels":4,"flags":1,"height_cm":0,"min_height_cm":0,"roof_shape":"FLAT","roof_material":"UNKNOWN","wall_material":"PLASTER","seed":2831112488,"tile":"10/516/162"},"geometry":{"type":"Polygon","coordinates":[[[85.3087714,27.7163099],[85.3088812,27.7163079],[85.3088834,27.716403],[85.3087736,27.716405],[85.3087714,27.7163099]]]}},
{"type":"Feature","properties":{"osm_ref":2000780,"archetype":"GENERIC","use":"MIXED_USE","levels":5,"flags":1,"height_cm":0,"min_height_cm":0,"roof_shape":"UNKNOWN","roof_material":"UNKNOWN","wall_material":"UNKNOWN","seed":3363360973,"tile":"10/516/162"},"geometry":{"type":"Polygon","coordinates":[[[85.3087736,27.7164151],[85.3088834,27.7164146],[85.3088842,27.7165463],[85.3087744,27.7165469],[85.3087736,27.7164151]]]}},
{"type":"Feature","properties":{"osm_ref":2000782,"archetype":"MODERN_URBAN","use":"COMMERCIAL","levels":5,"flags":1,"height_cm":0,"min_height_cm":0,"roof_shape":"FLAT","roof_material":"UNKNOWN","wall_material":"PLASTER","seed":3212828763,"tile":"10/516/162"},"geometry":{"type":"Polygon","coordinates":[[[85.3087734,27.716559],[85.3088832,27.716556],[85.3088878,27.7166879],[85.308778,27.716691],[85.3087734,27.716559]]]}},
{"type":"Feature","properties":{"osm_ref":2000784,"archetype":"GENERIC","use":"COMMERCIAL","levels":6,"flags":1,"height_cm":0,"min_height_cm":0,"roof_shape":"UNKNOWN","roof_material":"UNKNOWN","wall_material":"UNKNOWN","seed":645312993,"tile":"10/516/162"},"geometry":{"type":"Polygon","coordinates":[[[85.3087753,27.7167017],[85.3088851,27.7166989],[85.3088893,27.7168297],[85.3087795,27.7168325],[85.3087753,27.7167017]]]}},
{"type":"Feature","properties":{"osm_ref":2000786,"archetype":"MODERN_URBAN","use":"APARTMENTS","levels":3,"flags":1,"height_cm":0,"min_height_cm":0,"roof_shape":"FLAT","roof_material":"UNKNOWN","wall_material":"PLASTER","seed":1366393207,"tile":"10/516/162"},"geometry":{"type":"Polygon","coordinates":[[[85.3088929,27.7163092],[85.3090408,27.716306],[85.3090444,27.7164384],[85.3088965,27.7164416],[85.3088929,27.7163092]]]}},
{"type":"Feature","properties":{"osm_ref":2000788,"archetype":"MODERN_URBAN","use":"UNKNOWN","levels":6,"flags":1,"height_cm":0,"min_height_cm":0,"roof_shape":"FLAT","roof_material":"UNKNOWN","wall_material":"PLASTER","seed":3474265300,"tile":"10/516/162"},"geometry":{"type":"Polygon","coordinates":[[[85.308895,27.7164524],[85.3090429,27.7164494],[85.3090453,27.7165432],[85.3088974,27.7165461],[85.308895,27.7164524]]]}},
{"type":"Feature","properties":{"osm_ref":2000790,"archetype":"MODERN_URBAN","use":"COMMERCIAL","levels":4,"flags":1,"height_cm":0,"min_height_cm":0,"roof_shape":"FLAT","roof_material":"UNKNOWN","wall_material":"PLASTER","seed":3088196674,"tile":"10/516/162"},"geometry":{"type":"Polygon","coordinates":[[[85.3089004,27.7166873],[85.3090483,27.7166898],[85.3090459,27.7168026],[85.308898,27.7168001],[85.3089004,27.7166873]]]}},
{"type":"Feature","properties":{"osm_ref":2000792,"archetype":"GENERIC","use":"APARTMENTS","levels":6,"flags":1,"height_cm":0,"min_height_cm":0,"roof_shape":"UNKNOWN","roof_material":"UNKNOWN","wall_material":"UNKNOWN","seed":555447800,"tile":"10/516/162"},"geometry":{"type":"Polygon","coordinates":[[[85.3090549,27.7163059],[85.3091776,27.7163064],[85.3091771,27.7164064],[85.3090544,27.7164059],[85.3090549,27.7163059]]]}},
{"type":"Feature","properties":{"osm_ref":2000794,"archetype":"MODERN_URBAN","use":"UNKNOWN","levels":5,"flags":1,"height_cm":0,"min_height_cm":0,"roof_shape":"FLAT","roof_material":"UNKNOWN","wall_material":"PLASTER","seed":1444693358,"tile":"10/516/162"},"geometry":{"type":"Polygon","coordinates":[[[85.3090555,27.7164175],[85.3091782,27.7164165],[85.3091796,27.7165477],[85.3090568,27.7165486],[85.3090555,27.7164175]]]}},
{"type":"Feature","properties":{"osm_ref":2000796,"archetype":"MODERN_URBAN","use":"UNKNOWN","levels":4,"flags":1,"height_cm":0,"min_height_cm":0,"roof_shape":"FLAT","roof_material":"UNKNOWN","wall_material":"PLASTER","seed":3332593919,"tile":"10/516/162"},"geometry":{"type":"Polygon","coordinates":[[[85.3090573,27.7165593],[85.3091801,27.7165587],[85.3091808,27.7166661],[85.309058,27.7166667],[85.3090573,27.7165593]]]}},
{"type":"Feature","properties":{"osm_ref":2000798,"archetype":"MODERN_URBAN","use":"APARTMENTS","levels":4,"flags":1,"height_cm":0,"min_height_cm":0,"roof_shape":"FLAT","roof_material":"UNKNOWN","wall_material":"PLASTER","seed":2980341865,"tile":"10/516/162"},"geometry":{"type":"Polygon","coordinates":[[[85.3090595,27.716677],[85.3091823,27.7166775],[85.3091817,27.7168064],[85.3090589,27.716806],[85.3090595,27.716677]]]}},
{"type":"Feature","properties":{"osm_ref":2000800,"archetype":"MODERN_URBAN","use":"MIXED_USE","levels":4,"flags":1,"height_cm":0,"min_height_cm":0,"roof_shape":"FLAT","roof_material":"UNKNOWN","wall_material":"PLASTER","seed":485850369,"tile":"10/516/162"},"geometry":{"type":"Polygon","coordinates":[[[85.3091886,27.7163059],[85.3093444,27.7163036],[85.3093463,27.7164039],[85.3091905,27.7164062],[85.3091886,27.7163059]]]}},
{"type":"Feature","properties":{"osm_ref":2000802,"archetype":"MODERN_URBAN","use":"MIXED_USE","levels":3,"flags":1,"height_cm":0,"min_height_cm":0,"roof_shape":"FLAT","roof_material":"UNKNOWN","wall_material":"PLASTER","seed":1811041687,"tile":"10/516/162"},"geometry":{"type":"Polygon","coordinates":[[[85.3091921,27.7164149],[85.3093478,27.7164169],[85.3093458,27.7165434],[85.30919,27.7165414],[85.3091921,27.7164149]]]}},
{"type":"Feature","properties":{"osm_ref":2000804,"archetype":"MODERN_URBAN","use":"APARTMENTS","levels":6,"flags":1,"height_cm":0,"min_height_cm":0,"roof_shape":"FLAT","roof_material":"UNKNOWN","wall_material":"PLASTER","seed":4076543021,"tile":"10/516/162"},"geometry":{"type":"Polygon","coordinates":[[[85.3091922,27.7165536],[85.309348,27.7165528],[85.3093486,27.7166547],[85.3091929,27.7166555],[85.3091922,27.7165536]]]}},
{"type":"Feature","properties":{"osm_ref":2000806,"archetype":"MODERN_URBAN","use":"APARTMENTS","levels":6,"flags":1,"height_cm":0,"min_height_cm":0,"roof_shape":"FLAT","roof_material":"UNKNOWN","wall_material":"PLASTER","seed":2247896251,"tile":"10/516/162"},"geometry":{"type":"Polygon","coordinates":[[[85.3091947,27.7166649],[85.3093505,27.7166669],[85.3093488,27.7167673],[85.309193,27.7167653],[85.3091947,27.7166649]]]}},
{"type":"Feature","properties":{"osm_ref":2000808,"archetype":"MODERN_URBAN","use":"APARTMENTS","levels":5,"flags":1,"height_cm":0,"min_height_cm":0,"roof_shape":"FLAT","roof_material":"UNKNOWN","wall_material":"PLASTER","seed":462993688,"tile":"10/516/162"},"geometry":{"type":"Polygon","coordinates":[[[85.3091951,27.7167771],[85.3093509,27.7167772],[85.3093509,27.7168672],[85.3091951,27.7168671],[85.3091951,27.7167771]]]}},
{"type":"Feature","properties":{"osm_ref":2000810,"archetype":"MODERN_URBAN","use":"UNKNOWN","levels":3,"flags":1,"height_cm":0,"min_height_cm":0,"roof_shape":"FLAT","roof_material":"UNKNOWN","wall_material":"PLASTER","seed":1822394766,"tile":"10/516/162"},"geometry":{"type":"Polygon","coordinates":[[[85.3093557,27.7163052],[85.3094809,27.7163015],[85.3094845,27.7163983],[85.3093593,27.716402],[85.3093557,27.7163052]]]}},
{"type":"Feature","properties":{"osm_ref":2000812,"archetype":"GENERIC","use":"HOTEL","levels":6,"flags":1,"height_cm":0,"min_height_cm":0,"roof_shape":"UNKNOWN","roof_material":"UNKNOWN","wall_material":"UNKNOWN","seed":4120303668,"tile":"10/516/162"},"geometry":{"type":"Polygon","coordinates":[[[85.3093567,27.7164128],[85.3094819,27.7164093],[85.3094864,27.7165344],[85.3093612,27.7165379],[85.3093567,27.7164128]]]}},
{"type":"Feature","properties":{"osm_ref":2000814,"archetype":"GENERIC","use":"HOUSE","levels":3,"flags":0,"height_cm":0,"min_height_cm":0,"roof_shape":"UNKNOWN","roof_material":"UNKNOWN","wall_material":"UNKNOWN","seed":2190600354,"tile":"10/516/162"},"geometry":{"type":"Polygon","coordinates":[[[85.3093611,27.7165464],[85.3094863,27.7165476],[85.3094851,27.7166519],[85.3093598,27.7166507],[85.3093611,27.7165464]]]}},
{"type":"Feature","properties":{"osm_ref":2000816,"archetype":"MODERN_URBAN","use":"HOUSE","levels":4,"flags":1,"height_cm":0,"min_height_cm":0,"roof_shape":"FLAT","roof_material":"UNKNOWN","wall_material":"PLASTER","seed":305067315,"tile":"10/516/162"},"geometry":{"type":"Polygon","coordinates":[[[85.3093604,27.7166634],[85.3094856,27.7166609],[85.3094888,27.7167856],[85.3093635,27.716788],[85.3093604,27.7166634]]]}},
{"type":"Feature","properties":{"osm_ref":2000818,"archetype":"MODERN_URBAN","use":"MIXED_USE","levels":6,"flags":1,"height_cm":0,"min_height_cm":0,"roof_shape":"FLAT","roof_material":"UNKNOWN","wall_material":"PLASTER","seed":1697236389,"tile":"10/516/162"},"geometry":{"type":"Polygon","coordinates":[[[85.3094941,27.7164106],[85.309648,27.7164061],[85.3096527,27.7165312],[85.3094987,27.7165358],[85.3094941,27.7164106]]]}},
{"type":"Feature","properties":{"osm_ref":2000820,"archetype":"MODERN_URBAN","use":"APARTMENTS","levels":3,"flags":1,"height_cm":0,"min_height_cm":0,"roof_shape":"FLAT","roof_material":"UNKNOWN","wall_material":"PLASTER","seed":99503168,"tile":"10/516/162"},"geometry":{"type":"Polygon","coordinates":[[[85.3094968,27.7166574],[85.3096508,27.7166526],[85.3096559,27.7167828],[85.3095019,27.7167876],[85.3094968,27.7166574]]]}},
{"type":"Feature","properties":{"osm_ref":2000822,"archetype":"GENERIC","use":"APARTMENTS","levels":5,"flags":1,"height_cm":0,"min_height_cm":0,"roof_shape":"UNKNOWN","roof_material":"UNKNOWN","wall_material":"UNKNOWN","seed":1927904470,"tile":"10/516/162"},"geometry":{"type":"Polygon","coordinates":[[[85.309661,27.7163006],[85.3097856,27.7163002],[85.3097862,27.716432],[85.3096616,27.7164325],[85.309661,27.7163006]]]}},
{"type":"Feature","properties":{"osm_ref":2000824,"archetype":"NEWAR","use":"COMMERCIAL","levels":3,"flags":1,"height_cm":0,"min_height_cm":0,"roof_shape":"UNKNOWN","roof_material":"UNKNOWN","wall_material":"BRICK","seed":3957337452,"tile":"10/516/162"},"geometry":{"type":"Polygon","coordinates":[[[85.3096634,27.7164427],[85.3097879,27.7164435],[85.309787,27.7165521],[85.3096624,27.7165512],[85.3096634,27.7164427]]]}},
{"type":"Feature","properties":{"osm_ref":2000826,"archetype":"MODERN_URBAN","use":"COMMERCIAL","levels":4,"flags":1,"height_cm":0,"min_height_cm":0,"roof_shape":"FLAT","roof_material":"UNKNOWN","wall_material":"PLASTER","seed":2632392186,"tile":"10/516/162"},"geometry":{"type":"Polygon","coordinates":[[[85.309665,27.7165616],[85.3097896,27.7165634],[85.309788,27.7166525],[85.3096634,27.7166507],[85.309665,27.7165616]]]}},
{"type":"Feature","properties":{"osm_ref":2000828,"archetype":"MODERN_URBAN","use":"UNKNOWN","levels":3,"flags":1,"height_cm":0,"min_height_cm":0,"roof_shape":"FLAT","roof_material":"UNKNOWN","wall_material":"PLASTER","seed":42174553,"tile":"10/516/162"},"geometry":{"type":"Polygon","coordinates":[[[85.3096661,27.7166621],[85.3097906,27.7166628],[85.3097897,27.7167853],[85.3096651,27.7167846],[85.3096661,27.7166621]]]}},
{"type":"Feature","properties":{"osm_ref":2000830,"archetype":"GENERIC","use":"MIXED_USE","levels":5,"flags":1,"height_cm":0,"min_height_cm":0,"roof_shape":"UNKNOWN","roof_material":"UNKNOWN","wall_material":"UNKNOWN","seed":1971632335,"tile":"10/516/162"},"geometry":{"type":"Polygon","coordinates":[[[85.3087798,27.7169866],[85.308899,27.7169849],[85.3089005,27.7170746],[85.3087813,27.7170762],[85.3087798,27.7169866]]]}},
{"type":"Feature","properties":{"osm_ref":2000832,"archetype":"MODERN_URBAN","use":"HOUSE","levels":6,"flags":1,"height_cm":0,"min_height_cm":0,"roof_shape":"FLAT","roof_material":"UNKNOWN","wall_material":"PLASTER","seed":3968723317,"tile":"10/516/162"},"geometry":{"type":"Polygon","coordinates":[[[85.3087819,27.7170863],[85.3089011,27.7170861],[85.3089013,27.7172151],[85.3087821,27.7172152],[85.3087819,27.7170863]]]}},
{"type":"Feature","properties":{"osm_ref":2000834,"archetype":"NEWAR","use":"HOTEL","levels":4,"flags":1,"height_cm":0,"min_height_cm":0,"roof_shape":"UNKNOWN","roof_material":"UNKNOWN","wall_material":"BRICK","seed":2609568227,"tile":"10/516/162"},"geometry":{"type":"Polygon","coordinates":[[[85.3087822,27.7172272],[85.3089013,27.7172248],[85.3089041,27.7173311],[85.3087849,27.7173336],[85.3087822,27.7172272]]]}},
{"type":"Feature","properties":{"osm_ref":2000836,"archetype":"MODERN_URBAN","use":"UNKNOWN","levels":4,"flags":1,"height_cm":0,"min_height_cm":0,"roof_shape":"FLAT","roof_material":"UNKNOWN","wall_material":"PLASTER","seed":188073074,"tile":"10/516/162"},"geometry":{"type":"Polygon","coordinates":[[[85.3087828,27.717345],[85.3089019,27.7173414],[85.3089063,27.7174553],[85.3087872,27.717459],[85.3087828,27.717345]]]}},
{"type":"Feature","properties":{"osm_ref":2000838,"archetype":"MODERN_URBAN","use":"UNKNOWN","levels":3,"flags":1,"height_cm":0,"min_height_cm":0,"roof_shape":"FLAT","roof_material":"UNKNOWN","wall_material":"PLASTER","seed":2083714276,"tile":"10/516/162"},"geometry":{"type":"Polygon","coordinates":[[[85.3087868,27.7176057],[85.308906,27.7176036],[85.3089086,27.7177211],[85.3087894,27.7177232],[85.3087868,27.7176057]]]}},
{"type":"Feature","properties":{"osm_ref":2000840,"archetype":"GENERIC","use":"COMMERCIAL","levels":6,"flags":1,"height_cm":0,"min_height_cm":0,"roof_shape":"UNKNOWN","roof_material":"UNKNOWN","wall_material":"UNKNOWN","seed":784539523,"tile":"10/516/162"},"geometry":{"type":"Polygon","coordinates":[[[85.3087898,27.717846],[85.308909,27.7178439],[85.3089112,27.7179486],[85.308792,27.7179506],[85.3087898,27.717846]]]}},
{"type":"Feature","properties":{"osm_ref":2000842,"archetype":"MODERN_URBAN","use":"APARTMENTS","levels":5,"flags":1,"height_cm":0,"min_height_cm":0,"roof_shape":"FLAT","roof_material":"UNKNOWN","wall_material":"PLASTER","seed":1506029333,"tile":"10/516/162"},"geometry":{"type":"Polygon","coordinates":[[[85.3089128,27.7169838],[85.3090477,27.716985],[85.3090463,27.7171123],[85.3089114,27.7171111],[85.3089128,27.7169838]]]}},
{"type":"Feature","properties":{"osm_ref":2000844,"archetype":"GENERIC","use":"MIXED_USE","levels":4,"flags":1,"height_cm":0,"min_height_cm":0,"roof_shape":"UNKNOWN","roof_material":"UNKNOWN","wall_material":"UNKNOWN","seed":3234692783,"tile":"10/516/162"},"geometry":{"type":"Polygon","coordinates":[[[85.3089172,27.7173825],[85.309052,27.7173832],[85.3090513,27.7174967],[85.3089165,27.717496],[85.3089172,27.7173825]]]}},
{"type":"Feature","properties":{"osm_ref":2000846,"archetype":"MODERN_URBAN","use":"APARTMENTS","levels":5,"flags":1,"height_cm":0,"min_height_cm":0,"roof_shape":"FLAT","roof_material":"UNKNOWN","wall_material":"PLASTER","seed":3083488825,"tile":"10/516/162"},"geometry":{"type":"Polygon","coordinates":[[[85.3089184,27.7175069],[85.3090533,27.7175074],[85.3090528,27.7175995],[85.3089179,27.717599],[85.3089184,27.7175069]]]}},
{"type":"Feature","properties":{"osm_ref":2000848,"archetype":"MODERN_URBAN","use":"HOUSE","levels":6,"flags":1,"height_cm":0,"min_height_cm":0,"roof_shape":"FLAT","roof_material":"UNKNOWN","wall_material":"PLASTER","seed":699325338,"tile":"10/516/162"},"geometry":{"type":"Polygon","coordinates":[[[85.3089174,27.7176124],[85.3090521,27.7176079],[85.3090564,27.7177087],[85.3089216,27.7177132],[85.3089174,27.7176124]]]}},
{"type":"Feature","properties":{"osm_ref":2000850,"archetype":"MODERN_URBAN","use":"MIXED_USE","levels":5,"flags":1,"height_cm":0,"min_height_cm":0,"roof_shape":"FLAT","roof_material":"UNKNOWN","wall_material":"PLASTER","seed":1588194060,"tile":"10/516/162"},"geometry":{"type":"Polygon","coordinates":[[[85.309059,27.716983],[85.3092073,27.7169829],[85.3092073,27.7170842],[85.309059,27.7170843],[85.309059,27.716983]]]}},
{"type":"Feature","properties":{"osm_ref":2000852,"archetype":"MODERN_URBAN","use":"HOTEL","levels":3,"flags":1,"height_cm":0,"min_height_cm":0,"roof_shape":"FLAT","roof_material":"UNKNOWN","wall_material":"PLASTER","seed":3349199542,"tile":"10/516/162"},"geometry":{"type":"Polygon","coordinates":[[[85.3090606,27.7170947],[85.3092088,27.7170954],[85.3092083,27.7171879],[85.30906,27.7171872],[85.3090606,27.7170947]]]}},
{"type":"Feature","properties":{"osm_ref":2000854,"archetype":"MODERN_URBAN","use":"APARTMENTS","levels":3,"flags":1,"height_cm":0,"min_height_cm":0,"roof_shape":"FLAT","roof_material":"UNKNOWN","wall_material":"PLASTER","seed":2963769888,"tile":"10/516/162"},"geometry":{"type":"Polygon","coordinates":[[[85.3090607,27.7171994],[85.3092089,27.7171974],[85.309211,27.7173229],[85.3090628,27.7173249],[85.3090607,27.7171994]]]}},
{"type":"Feature","properties":{"osm_ref":2000856,"archetype":"MODERN_URBAN","use":"APARTMENTS","levels":6,"flags":1,"height_cm":0,"min_height_cm":0,"roof_shape":"FLAT","roof_material":"UNKNOWN","wall_material":"PLASTER","seed":538482609,"tile":"10/516/162"},"geometry":{"type":"Polygon","coordinates":[[[85.3090618,27.7173364],[85.30921,27.717333],[85.3092129,27.7174322],[85.3090647,27.7174357],[85.3090618,27.7173364]]]}},
{"type":"Feature","properties":{"osm_ref":2000858,"archetype":"NEWAR","use":"UNKNOWN","levels":3,"flags":1,"height_cm":0,"min_height_cm":0,"roof_shape":"UNKNOWN","roof_material":"UNKNOWN","wall_material":"BRICK","seed":1461692199,"tile":"10/516/162"},"geometry":{"type":"Polygon","coordinates":[[[85.3090645,27.717445],[85.3092128,27.7174447],[85.3092131,27.7175692],[85.3090648,27.7175695],[85.3090645,27.717445]]]}},
{"type":"Feature","properties":{"osm_ref":2000860,"archetype":"MODERN_URBAN","use":"APARTMENTS","levels":5,"flags":1,"height_cm":0,"min_height_cm":0,"roof_shape":"FLAT","roof_material":"UNKNOWN","wall_material":"PLASTER","seed":936914626,"tile":"10/516/162"},"geometry":{"type":"Polygon","coordinates":[[[85.3090662,27.7177107],[85.3092144,27.7177069],[85.3092174,27.7177988],[85.3090691,27.7178026],[85.3090662,27.7177107]]]}},
{"type":"Feature","properties":{"osm_ref":2000862,"archetype":"GENERIC","use":"APARTMENTS","levels":5,"flags":1,"height_cm":0,"min_height_cm":0,"roof_shape":"UNKNOWN","roof_material":"UNKNOWN","wall_material":"UNKNOWN","seed":1088364116,"tile":"10/516/162"},"geometry":{"type":"Polygon","coordinates":[[[85.3092182,27.7169828],[85.3093423,27.7169804],[85.3093451,27.7170965],[85.3092209,27.7170989],[85.3092182,27.7169828]]]}},
{"type":"Feature","properties":{"osm_ref":2000864,"archetype":"MODERN_URBAN","use":"HOTEL","levels":5,"flags":1,"height_cm":0,"min_height_cm":0,"roof_shape":"FLAT","roof_material":"UNKNOWN","wall_material":"PLASTER","seed":3654701038,"tile":"10/516/162"},"geometry":{"type":"Polygon","coordinates":[[[85.3092194,27.71711],[85.3093435,27.7171071],[85.3093468,27.71722],[85.3092227,27.7172229],[85.3092194,27.71711]]]}},
{"type":"Feature","properties":{"osm_ref":2000866,"archetype":"NEWAR","use":"HOUSE","levels":4,"flags":1,"height_cm":0,"min_height_cm":0,"roof_shape":"UNKNOWN","roof_material":"UNKNOWN","wall_material":"BRICK","seed":2932965240,"tile":"10/516/162"},"geometry":{"type":"Polygon","coordinates":[[[85.3092206,27.7172341],[85.3093447,27.7172305],[85.3093485,27.7173368],[85.3092244,27.7173403],[85.3092206,27.7172341]]]}},
{"type":"Feature","properties":{"osm_ref":2000868,"archetype":"MODERN_URBAN","use":"MIXED_USE","levels":4,"flags":1,"height_cm":0,"min_height_cm":0,"roof_shape":"FLAT","roof_material":"UNKNOWN","wall_material":"PLASTER","seed":817228507,"tile":"10/516/162"},"geometry":{"type":"Polygon","coordinates":[[[85.3092224,27.7173508],[85.3093465,27.717348],[85.3093496,27.7174607],[85.3092255,27.7174635],[85.3092224,27.7173508]]]}},
{"type":"Feature","properties":{"osm_ref":2000870,"archetype":"MODERN_URBAN","use":"HOUSE","levels":5,"flags":1,"height_cm":0,"min_height_cm":0,"roof_shape":"FLAT","roof_material":"UNKNOWN","wall_material":"PLASTER","seed":1202903629,"tile":"10/516/162"},"geometry":{"type":"Polygon","coordinates":[[[85.3092248,27.7174735],[85.3093489,27.7174724],[85.3093502,27.7175933],[85.3092261,27.7175944],[85.3092248,27.7174735]]]}},
{"type":"Feature","properties":{"osm_ref":2000872,"archetype":"NEWAR","use":"HOTEL","levels":3,"flags":0,"height_cm":0,"min_height_cm":0,"roof_shape":"UNKNOWN","roof_material":"UNKNOWN","wall_material":"BRICK","seed":3736833015,"tile":"10/516/162"},"geometry":{"type":"Polygon","coordinates":[[[85.309228,27.717604],[85.3093521,27.7176053],[85.3093503,27.7177386],[85.3092262,27.7177372],[85.309228,27.717604]]]}},
{"type":"Feature","properties":{"osm_ref":2000874,"archetype":"MODERN_URBAN","use":"APARTMENTS","levels":4,"flags":1,"height_cm":0,"min_height_cm":0,"roof_shape":"FLAT","roof_material":"UNKNOWN","wall_material":"PLASTER","seed":2847718241,"tile":"10/516/162"},"geometry":{"type":"Polygon","coordinates":[[[85.3092292,27.7178657],[85.3093533,27.7178642],[85.309355,27.7179715],[85.3092309,27.7179731],[85.3092292,27.7178657]]]}},
{"type":"Feature","properties":{"osm_ref":2000876,"archetype":"MODERN_URBAN","use":"MIXED_USE","levels":3,"flags":1,"height_cm":0,"min_height_cm":0,"roof_shape":"FLAT","roof_material":"UNKNOWN","wall_material":"PLASTER","seed":956540656,"tile":"10/516/162"},"geometry":{"type":"Polygon","coordinates":[[[85.3093542,27.716982],[85.3094842,27.7169785],[85.3094874,27.7170732],[85.3093573,27.7170767],[85.3093542,27.716982]]]}},
{"type":"Feature","properties":{"osm_ref":2000878,"archetype":"MODERN_URBAN","use":"UNKNOWN","levels":3,"flags":1,"height_cm":0,"min_height_cm":0,"roof_shape":"FLAT","roof_material":"UNKNOWN","wall_material":"PLASTER","seed":1308923494,"tile":"10/516/162"},"geometry":{"type":"Polygon","coordinates":[[[85.309358,27.7170849],[85.3094881,27.7170867],[85.3094862,27.717195],[85.3093561,27.7171931],[85.309358,27.7170849]]]}},
{"type":"Feature","properties":{"osm_ref":2000880,"archetype":"MODERN_URBAN","use":"COMMERCIAL","levels":6,"flags":1,"height_cm":0,"min_height_cm":0,"roof_shape":"FLAT","roof_material":"UNKNOWN","wall_material":"PLASTER","seed":2023340037,"tile":"10/516/162"},"geometry":{"type":"Polygon","coordinates":[[[85.3093597,27.717204],[85.3094898,27.7172058],[85.3094876,27.7173295],[85.3093575,27.7173277],[85.3093597,27.717204]]]}},
{"type":"Feature","properties":{"osm_ref":2000882,"archetype":"MODERN_URBAN","use":"MIXED_USE","levels":3,"flags":1,"height_cm":0,"min_height_cm":0,"roof_shape":"FLAT","roof_material":"UNKNOWN","wall_material":"PLASTER","seed":262047891,"tile":"10/516/162"},"geometry":{"type":"Polygon","coordinates":[[[85.3093602,27.7173393],[85.3094904,27.7173396],[85.3094901,27.7174467],[85.3093599,27.7174464],[85.3093602,27.7173393]]]}},
{"type":"Feature","properties":{"osm_ref":2000884,"archetype":"GENERIC","use":"HOTEL","levels":3,"flags":1,"height_cm":0,"min_height_cm":0,"roof_shape":"UNKNOWN","roof_material":"UNKNOWN","wall_material":"UNKNOWN","seed":2526533929,"tile":"10/516/162"},"geometry":{"type":"Polygon","coordinates":[[[85.3093598,27.7174592],[85.3094898,27.7174556],[85.3094933,27.7175553],[85.3093632,27.7175589],[85.3093598,27.7174592]]]}},
{"type":"Feature","properties":{"osm_ref":2000886,"archetype":"MODERN_URBAN","use":"MIXED_USE","levels":4,"flags":1,"height_cm":0,"min_height_cm":0,"roof_shape":"FLAT","roof_material":"UNKNOWN","wall_material":"PLASTER","seed":3784370623,"tile":"10/516/162"},"geometry":{"type":"Polygon","coordinates":[[[85.3093627,27.717568],[85.3094928,27.7175679],[85.3094929,27.7176587],[85.3093628,27.7176588],[85.3093627,27.717568]]]}},
{"type":"Feature","properties":{"osm_ref":2000888,"archetype":"MODERN_URBAN","use":"UNKNOWN","levels":6,"flags":1,"height_cm":0,"min_height_cm":0,"roof_shape":"FLAT","roof_material":"UNKNOWN","wall_material":"PLASTER","seed":2146728988,"tile":"10/516/162"},"geometry":{"type":"Polygon","coordinates":[[[85.3093624,27.717671],[85.3094925,27.7176682],[85.309496,27.717796],[85.3093659,27.7177988],[85.3093624,27.717671]]]}},
{"type":"Feature","properties":{"osm_ref":2000890,"archetype":"MODERN_URBAN","use":"APARTMENTS","levels":3,"flags":1,"height_cm":0,"min_height_cm":0,"roof_shape":"FLAT","roof_material":"UNKNOWN","wall_material":"PLASTER","seed":150162570,"tile":"10/516/162"},"geometry":{"type":"Polygon","coordinates":[[[85.3093649,27.717809],[85.309495,27.7178075],[85.3094967,27.7179259],[85.3093666,27.7179274],[85.3093649,27.717809]]]}},
{"type":"Feature","properties":{"osm_ref":2000892,"archetype":"GENERIC","use":"HOUSE","levels":5,"flags":1,"height_cm":0,"min_height_cm":0,"roof_shape":"UNKNOWN","roof_material":"UNKNOWN","wall_material":"UNKNOWN","seed":2449087792,"tile":"10/516/162"},"geometry":{"type":"Polygon","coordinates":[[[85.3094988,27.7169784],[85.309639,27.7169793],[85.309638,27.7171108],[85.3094977,27.7171099],[85.3094988,27.7169784]]]}},
{"type":"Feature","properties":{"osm_ref":2000894,"archetype":"MODERN_URBAN","use":"HOTEL","levels":6,"flags":1,"height_cm":0,"min_height_cm":0,"roof_shape":"FLAT","roof_material":"UNKNOWN","wall_material":"PLASTER","seed":3875351974,"tile":"10/516/162"},"geometry":{"type":"Polygon","coordinates":[[[85.3095003,27.7171205],[85.3096406,27.7171218],[85.3096394,27.7172173],[85.3094991,27.7172159],[85.3095003,27.7171205]]]}},
{"type":"Feature","properties":{"osm_ref":2000896,"archetype":"NEWAR","use":"HOUSE","levels":4,"flags":1,"height_cm":0,"min_height_cm":0,"roof_shape":"UNKNOWN","roof_material":"UNKNOWN","wall_material":"BRICK","seed":1984049207,"tile":"10/516/162"},"geometry":{"type":"Polygon","coordinates":[[[85.3094987,27.71723],[85.3096389,27.717225],[85.3096436,27.7173296],[85.3095035,27.7173346],[85.3094987,27.71723]]]}},
{"type":"Feature","properties":{"osm_ref":2000898,"archetype":"MODERN_URBAN","use":"UNKNOWN","levels":4,"flags":1,"height_cm":0,"min_height_cm":0,"roof_shape":"FLAT","roof_material":"UNKNOWN","wall_material":"PLASTER","seed":21299361,"tile":"10/516/162"},"geometry":{"type":"Polygon","coordinates":[[[85.309501,27.7173443],[85.3096413,27.7173416],[85.3096443,27.7174667],[85.3095041,27.7174694],[85.309501,27.7173443]]]}},
{"type":"Feature","properties":{"osm_ref":2000900,"archetype":"MODERN_URBAN","use":"HOUSE","levels":5,"flags":1,"height_cm":0,"min_height_cm":0,"roof_shape":"FLAT","roof_material":"UNKNOWN","wall_material":"PLASTER","seed":1635944772,"tile":"10/516/162"},"geometry":{"type":"Polygon","coordinates":[[[85.3095033,27.7174797],[85.3096436,27.7174782],[85.3096451,27.7175894],[85.3095048,27.7175909],[85.3095033,27.7174797]]]}},
{"type":"Feature","properties":{"osm_ref":2000902,"archetype":"MODERN_URBAN","use":"COMMERCIAL","levels":5,"flags":1,"height_cm":0,"min_height_cm":0,"roof_shape":"FLAT","roof_material":"UNKNOWN","wall_material":"PLASTER","seed":377862610,"tile":"10/516/162"},"geometry":{"type":"Polygon","coordinates":[[[85.3095037,27.7176029],[85.3096439,27.7175992],[85.3096476,27.7177095],[85.3095074,27.7177132],[85.3095037,27.7176029]]]}},
{"type":"Feature","properties":{"osm_ref":2000904,"archetype":"MODERN_URBAN","use":"UNKNOWN","levels":6,"flags":1,"height_cm":0,"min_height_cm":0,"roof_shape":"FLAT","roof_material":"UNKNOWN","wall_material":"PLASTER","seed":2408376424,"tile":"10/516/162"},"geometry":{"type":"Polygon","coordinates":[[[85.3095069,27.7177223],[85.3096471,27.717722],[85.3096475,27.7178406],[85.3095072,27.7178409],[85.3095069,27.7177223]]]}},
{"type":"Feature","properties":{"osm_ref":2000906,"archetype":"MODERN_URBAN","use":"COMMERCIAL","levels":4,"flags":0,"height_cm":0,"min_height_cm":0,"roof_shape":"FLAT","roof_material":"UNKNOWN","wall_material":"PLASTER","seed":4169914622,"tile":"10/516/162"},"geometry":{"type":"Polygon","coordinates":[[[85.309509,27.7178511],[85.3096492,27.7178521],[85.3096483,27.7179583],[85.309508,27.7179573],[85.309509,27.7178511]]]}},
{"type":"Feature","properties":{"osm_ref":2000908,"archetype":"MODERN_URBAN","use":"MIXED_USE","levels":4,"flags":1,"height_cm":0,"min_height_cm":0,"roof_shape":"FLAT","roof_material":"UNKNOWN","wall_material":"PLASTER","seed":1726958941,"tile":"10/516/162"},"geometry":{"type":"Polygon","coordinates":[[[85.309649,27.716979],[85.3098046,27.7169757],[85.3098078,27.7170969],[85.3096522,27.7171002],[85.309649,27.716979]]]}},
{"type":"Feature","properties":{"osm_ref":2000910,"archetype":"GENERIC","use":"UNKNOWN","levels":5,"flags":1,"height_cm":0,"min_height_cm":0,"roof_shape":"UNKNOWN","roof_material":"UNKNOWN","wall_material":"UNKNOWN","seed":300449227,"tile":"10/516/162"},"geometry":{"type":"Polygon","coordinates":[[[85.3096512,27.7171104],[85.3098068,27.7171084],[85.3098088,27.7172333],[85.3096532,27.7172353],[85.3096512,27.7171104]]]}},
{"type":"Feature","properties":{"osm_ref":2000912,"archetype":"MODERN_URBAN","use":"HOUSE","levels":6,"flags":1,"height_cm":0,"min_height_cm":0,"roof_shape":"FLAT","roof_material":"UNKNOWN","wall_material":"PLASTER","seed":2296458353,"tile":"10/516/162"},"geometry":{"type":"Polygon","coordinates":[[[85.3096542,27.7172448],[85.3098098,27.7172455],[85.309809,27.7173699],[85.3096534,27.7173692],[85.3096542,27.7172448]]]}},
{"type":"Feature","properties":{"osm_ref":2000914,"archetype":"MODERN_URBAN","use":"APARTMENTS","levels":3,"flags":1,"height_cm":0,"min_height_cm":0,"roof_shape":"FLAT","roof_material":"UNKNOWN","wall_material":"PLASTER","seed":4293270759,"tile":"10/516/162"},"geometry":{"type":"Polygon","coordinates":[[[85.3096535,27.7173825],[85.309809,27.7173784],[85.3098129,27.7174967],[85.3096574,27.7175008],[85.3096535,27.7173825]]]}},
{"type":"Feature","properties":{"osm_ref":2000916,"archetype":"MODERN_URBAN","use":"APARTMENTS","levels":5,"flags":1,"height_cm":0,"min_height_cm":0,"roof_shape":"FLAT","roof_material":"UNKNOWN","wall_material":"PLASTER","seed":1868104054,"tile":"10/516/162"},"geometry":{"type":"Polygon","coordinates":[[[85.3096568,27.7175097],[85.3098124,27.7175095],[85.3098125,27.7176053],[85.3096569,27.7176054],[85.3096568,27.7175097]]]}},
{"type":"Feature","properties":{"osm_ref":2000918,"archetype":"MODERN_URBAN","use":"APARTMENTS","levels":4,"flags":1,"height_cm":0,"min_height_cm":0,"roof_shape":"FLAT","roof_material":"UNKNOWN","wall_material":"PLASTER","seed":408826336,"tile":"10/516/162"},"geometry":{"type":"Polygon","coordinates":[[[85.3096574,27.717617],[85.309813,27.7176153],[85.3098143,27.7177073],[85.3096587,27.7177091],[85.3096574,27.717617]]]}},
{"type":"Feature","properties":{"osm_ref":2000920,"archetype":"MODERN_URBAN","use":"UNKNOWN","levels":3,"flags":1,"height_cm":0,"min_height_cm":0,"roof_shape":"FLAT","roof_material":"UNKNOWN","wall_material":"PLASTER","seed":1253038727,"tile":"10/516/162"},"geometry":{"type":"Polygon","coordinates":[[[85.3096601,27.717718],[85.3098157,27.71772],[85.3098141,27.7178172],[85.3096585,27.7178152],[85.3096601,27.717718]]]}},
{"type":"Feature","properties":{"osm_ref":2000922,"archetype":"MODERN_URBAN","use":"MIXED_USE","levels":4,"flags":1,"height_cm":0,"min_height_cm":0,"roof_shape":"FLAT","roof_material":"UNKNOWN","wall_material":"PLASTER","seed":1034480145,"tile":"10/516/162"},"geometry":{"type":"Polygon","coordinates":[[[85.3096613,27.7178261],[85.3098169,27.7178279],[85.3098155,27.7179185],[85.3096599,27.7179167],[85.3096613,27.7178261]]]}},
{"type":"Feature","properties":{"osm_ref":2000924,"archetype":"MODERN_URBAN","use":"HOTEL","levels":4,"flags":1,"height_cm":0,"min_height_cm":0,"roof_shape":"FLAT","roof_material":"UNKNOWN","wall_material":"PLASTER","seed":2762062763,"tile":"10/516/162"},"geometry":{"type":"Polygon","coordinates":[[[85.3087917,27.7180707],[85.3089501,27.7180666],[85.3089542,27.7181917],[85.3087958,27.7181958],[85.3087917,27.7180707]]]}},
{"type":"Feature","properties":{"osm_ref":2000926,"archetype":"MODERN_URBAN","use":"APARTMENTS","levels":3,"flags":1,"height_cm":0,"min_height_cm":0,"roof_shape":"FLAT","roof_material":"UNKNOWN","wall_material":"PLASTER","seed":3550907197,"tile":"10/516/162"},"geometry":{"type":"Polygon","coordinates":[[[85.3087962,27.7182034],[85.3089546,27.7182058],[85.3089526,27.718306],[85.3087942,27.7183035],[85.3087962,27.7182034]]]}},
{"type":"Feature","properties":{"osm_ref":2000928,"archetype":"MODERN_URBAN","use":"HOTEL","levels":5,"flags":1,"height_cm":0,"min_height_cm":0,"roof_shape":"FLAT","roof_material":"UNKNOWN","wall_material":"PLASTER","seed":1304567454,"tile":"10/516/162"},"geometry":{"type":"Polygon","coordinates":[[[85.3087951,27.7183174],[85.3089535,27.7183138],[85.3089562,27.7184066],[85.3087978,27.7184103],[85.3087951,27.7183174]]]}},
{"type":"Feature","properties":{"osm_ref":2000930,"archetype":"GENERIC","use":"HOUSE","levels":5,"flags":1,"height_cm":0,"min_height_cm":0,"roof_shape":"UNKNOWN","roof_material":"UNKNOWN","wall_material":"UNKNOWN","seed":986000904,"tile":"10/516/162"},"geometry":{"type":"Polygon","coordinates":[[[85.308796,27.7184214],[85.3089543,27.7184172],[85.3089581,27.7185292],[85.3087997,27.7185334],[85.308796,27.7184214]]]}},
{"type":"Feature","properties":{"osm_ref":2000932,"archetype":"NEWAR","use":"MIXED_USE","levels":4,"flags":1,"height_cm":0,"min_height_cm":0,"roof_shape":"UNKNOWN","roof_material":"UNKNOWN","wall_material":"BRICK","seed":2748088242,"tile":"10/516/162"},"geometry":{"type":"Polygon","coordinates":[[[85.308799,27.7185425],[85.3089574,27.7185418],[85.3089582,27.7186743],[85.3087998,27.7186751],[85.308799,27.7185425]]]}},
{"type":"Feature","properties":{"osm_ref":2000934,"archetype":"MODERN_URBAN","use":"MIXED_USE","levels":4,"flags":1,"height_cm":0,"min_height_cm":0,"roof_shape":"FLAT","roof_material":"UNKNOWN","wall_material":"PLASTER","seed":3570093860,"tile":"10/516/162"},"geometry":{"type":"Polygon","coordinates":[[[85.3088016,27.718685],[85.30896,27.718686],[85.308959,27.7188128],[85.3088006,27.7188118],[85.3088016,27.718685]]]}},
{"type":"Feature","properties":{"osm_ref":2000936,"archetype":"MODERN_URBAN","use":"HOTEL","levels":6,"flags":1,"height_cm":0,"min_height_cm":0,"roof_shape":"FLAT","roof_material":"UNKNOWN","wall_material":"PLASTER","seed":1148474037,"tile":"10/516/162"},"geometry":{"type":"Polygon","coordinates":[[[85.3088013,27.7188245],[85.3089597,27.7188217],[85.3089627,27.7189553],[85.3088042,27.718958],[85.3088013,27.7188245]]]}},
{"type":"Feature","properties":{"osm_ref":2000938,"archetype":"NEWAR","use":"MIXED_USE","levels":3,"flags":1,"height_cm":0,"min_height_cm":0,"roof_shape":"UNKNOWN","roof_material":"UNKNOWN","wall_material":"BRICK","seed":863199779,"tile":"10/516/162"},"geometry":{"type":"Polygon","coordinates":[[[85.3089641,27.7180673],[85.3090826,27.718067],[85.309083,27.7181951],[85.3089645,27.7181954],[85.3089641,27.7180673]]]}},
{"type":"Feature","properties":{"osm_ref":2000940,"archetype":"GENERIC","use":"COMMERCIAL","levels":3,"flags":1,"height_cm":0,"min_height_cm":0,"roof_shape":"UNKNOWN","roof_material":"UNKNOWN","wall_material":"UNKNOWN","seed":1404365766,"tile":"10/516/162"},"geometry":{"type":"Polygon","coordinates":[[[85.308967,27.7183224],[85.3090854,27.7183218],[85.3090861,27.7184436],[85.3089677,27.7184441],[85.308967,27.7183224]]]}},
{"type":"Feature","properties":{"osm_ref":2000942,"archetype":"MODERN_URBAN","use":"COMMERCIAL","levels":5,"flags":1,"height_cm":0,"min_height_cm":0,"roof_shape":"FLAT","roof_material":"UNKNOWN","wall_material":"PLASTER","seed":615766864,"tile":"10/516/162"},"geometry":{"type":"Polygon","coordinates":[[[85.3089682,27.7184552],[85.3090867,27.7184542],[85.3090877,27.718549],[85.3089693,27.71855],[85.3089682,27.7184552]]]}},
{"type":"Feature","properties":{"osm_ref":2000944,"archetype":"MODERN_URBAN","use":"MIXED_USE","levels":4,"flags":0,"height_cm":0,"min_height_cm":0,"roof_shape":"FLAT","roof_material":"UNKNOWN","wall_material":"PLASTER","seed":3183119082,"tile":"10/516/162"},"geometry":{"type":"Polygon","coordinates":[[[85.3089701,27.7185603],[85.3090885,27.7185603],[85.3090885,27.7186653],[85.3089701,27.7186653],[85.3089701,27.7185603]]]}},
{"type":"Feature","properties":{"osm_ref":2000946,"archetype":"GENERIC","use":"HOUSE","levels":5,"flags":1,"height_cm":0,"min_height_cm":0,"roof_shape":"UNKNOWN","roof_material":"UNKNOWN","wall_material":"UNKNOWN","seed":3401431676,"tile":"10/516/162"},"geometry":{"type":"Polygon","coordinates":[[[85.3089689,27.7186781],[85.3090873,27.7186742],[85.3090928,27.7188068],[85.3089744,27.7188107],[85.3089689,27.7186781]]]}},
{"type":"Feature","properties":{"osm_ref":2000948,"archetype":"NEWAR","use":"HOUSE","levels":4,"flags":1,"height_cm":0,"min_height_cm":0,"roof_shape":"UNKNOWN","roof_material":"UNKNOWN","wall_material":"BRICK","seed":1423519711,"tile":"10/516/162"},"geometry":{"type":"Polygon","coordinates":[[[85.3089736,27.7188192],[85.3090921,27.7188199],[85.3090912,27.7189308],[85.3089728,27.7189301],[85.3089736,27.7188192]]]}},
{"type":"Feature","properties":{"osm_ref":2000950,"archetype":"GENERIC","use":"MIXED_USE","levels":6,"flags":1,"height_cm":0,"min_height_cm":0,"roof_shape":"UNKNOWN","roof_material":"UNKNOWN","wall_material":"UNKNOWN","seed":601759561,"tile":"10/516/162"},"geometry":{"type":"Polygon","coordinates":[[[85.3090955,27.718065],[85.3092259,27.7180667],[85.3092244,27.7181568],[85.309094,27.7181551],[85.3090955,27.718065]]]}},
{"type":"Feature","properties":{"osm_ref":2000952,"archetype":"MODERN_URBAN","use":"COMMERCIAL","levels":4,"flags":1,"height_cm":0,"min_height_cm":0,"roof_shape":"FLAT","roof_material":"UNKNOWN","wall_material":"PLASTER","seed":3134672627,"tile":"10/516/162"},"geometry":{"type":"Polygon","coordinates":[[[85.309096,27.7181669],[85.3092264,27.7181667],[85.3092267,27.7182916],[85.3090963,27.7182918],[85.309096,27.7181669]]]}},
{"type":"Feature","properties":{"osm_ref":2000954,"archetype":"MODERN_URBAN","use":"COMMERCIAL","levels":5,"flags":1,"height_cm":0,"min_height_cm":0,"roof_shape":"FLAT","roof_material":"UNKNOWN","wall_material":"PLASTER","seed":3452993125,"tile":"10/516/162"},"geometry":{"type":"Polygon","coordinates":[[[85.3090951,27.7183047],[85.3092255,27.7183005],[85.3092309,27.7184315],[85.3091005,27.7184358],[85.3090951,27.7183047]]]}},
{"type":"Feature","properties":{"osm_ref":2000956,"archetype":"NEWAR","use":"APARTMENTS","levels":4,"flags":1,"height_cm":0,"min_height_cm":0,"roof_shape":"UNKNOWN","roof_material":"UNKNOWN","wall_material":"BRICK","seed":1567581172,"tile":"10/516/162"},"geometry":{"type":"Polygon","coordinates":[[[85.3090995,27.7184445],[85.3092299,27.7184445],[85.3092299,27.7185753],[85.3090995,27.7185753],[85.3090995,27.7184445]]]}},
{"type":"Feature","properties":{"osm_ref":2000958,"archetype":"GENERIC","use":"HOTEL","levels":5,"flags":1,"height_cm":0,"min_height_cm":0,"roof_shape":"UNKNOWN","roof_material":"UNKNOWN","wall_material":"UNKNOWN","seed":711480162,"tile":"10/516/162"},"geometry":{"type":"Polygon","coordinates":[[[85.3091019,27.7185856],[85.3092323,27.7185867],[85.3092309,27.7187181],[85.3091005,27.718717],[85.3091019,27.7185856]]]}},
{"type":"Feature","properties":{"osm_ref":2000960,"archetype":"MODERN_URBAN","use":"HOUSE","levels":6,"flags":1,"height_cm":0,"min_height_cm":0,"roof_shape":"FLAT","roof_material":"UNKNOWN","wall_material":"PLASTER","seed":3559716617,"tile":"10/516/162"},"geometry":{"type":"Polygon","coordinates":[[[85.3091016,27.7187296],[85.309232,27.7187272],[85.3092342,27.7188222],[85.3091037,27.7188246],[85.3091016,27.7187296]]]}},
{"type":"Feature","properties":{"osm_ref":2000962,"archetype":"MODERN_URBAN","use":"HOTEL","levels":3,"flags":1,"height_cm":0,"min_height_cm":0,"roof_shape":"FLAT","roof_material":"UNKNOWN","wall_material":"PLASTER","seed":2737555359,"tile":"10/516/162"},"geometry":{"type":"Polygon","coordinates":[[[85.3091026,27.7188355],[85.309233,27.7188331],[85.3092361,27.7189661],[85.3091057,27.7189685],[85.3091026,27.7188355]]]}},
{"type":"Feature","properties":{"osm_ref":2000964,"archetype":"MODERN_URBAN","use":"UNKNOWN","levels":4,"flags":1,"height_cm":0,"min_height_cm":0,"roof_shape":"FLAT","roof_material":"UNKNOWN","wall_material":"PLASTER","seed":975345189,"tile":"10/516/162"},"geometry":{"type":"Polygon","coordinates":[[[85.3092375,27.7180644],[85.3093909,27.7180645],[85.3093908,27.7181772],[85.3092374,27.7181771],[85.3092375,27.7180644]]]}},
{"type":"Feature","properties":{"osm_ref":2000966,"archetype":"MODERN_URBAN","use":"HOTEL","levels":3,"flags":1,"height_cm":0,"min_height_cm":0,"roof_shape":"FLAT","roof_material":"UNKNOWN","wall_material":"PLASTER","seed":1294313139,"tile":"10/516/162"},"geometry":{"type":"Polygon","coordinates":[[[85.3092397,27.7181871],[85.3093931,27.7181889],[85.3093915,27.7182928],[85.3092381,27.7182909],[85.3092397,27.7181871]]]}},
{"type":"Feature","properties":{"osm_ref":2000968,"archetype":"MODERN_URBAN","use":"HOTEL","levels":6,"flags":1,"height_cm":0,"min_height_cm":0,"roof_shape":"FLAT","roof_material":"UNKNOWN","wall_material":"PLASTER","seed":3544265488,"tile":"10/516/162"},"geometry":{"type":"Polygon","coordinates":[[[85.3092416,27.7184176],[85.309395,27.7184173],[85.3093953,27.7185442],[85.3092419,27.7185445],[85.3092416,27.7184176]]]}},
{"type":"Feature","properties":{"osm_ref":2000970,"archetype":"MODERN_URBAN","use":"HOUSE","levels":3,"flags":1,"height_cm":0,"min_height_cm":0,"roof_shape":"FLAT","roof_material":"UNKNOWN","wall_material":"PLASTER","seed":2756051846,"tile":"10/516/162"},"geometry":{"type":"Polygon","coordinates":[[[85.3092432,27.7185553],[85.3093966,27.7185551],[85.3093968,27.7186612],[85.3092434,27.7186615],[85.3092432,27.7185553]]]}},
{"type":"Feature","properties":{"osm_ref":2000972,"archetype":"GENERIC","use":"HOTEL","levels":3,"flags":1,"height_cm":0,"min_height_cm":0,"roof_shape":"UNKNOWN","roof_material":"UNKNOWN","wall_material":"UNKNOWN","seed":1028608572,"tile":"10/516/162"},"geometry":{"type":"Polygon","coordinates":[[[85.3092431,27.7186741],[85.3093965,27.7186703],[85.3093995,27.7187659],[85.3092461,27.7187697],[85.3092431,27.7186741]]]}},
{"type":"Feature","properties":{"osm_ref":2000974,"archetype":"GENERIC","use":"HOUSE","levels":5,"flags":1,"height_cm":0,"min_height_cm":0,"roof_shape":"UNKNOWN","roof_material":"UNKNOWN","wall_material":"UNKNOWN","seed":1246257834,"tile":"10/516/162"},"geometry":{"type":"Polygon","coordinates":[[[85.3092472,27.7187774],[85.3094007,27.7187799],[85.3093982,27.7188996],[85.3092448,27.7188971],[85.3092472,27.7187774]]]}},
{"type":"Feature","properties":{"osm_ref":2000976,"archetype":"GENERIC","use":"MIXED_USE","levels":5,"flags":1,"height_cm":0,"min_height_cm":0,"roof_shape":"UNKNOWN","roof_material":"UNKNOWN","wall_material":"UNKNOWN","seed":3673653051,"tile":"10/516/162"},"geometry":{"type":"Polygon","coordinates":[[[85.3092468,27.7189099],[85.3094003,27.7189084],[85.3094018,27.7190269],[85.3092483,27.7190284],[85.3092468,27.7189099]]]}},
{"type":"Feature","properties":{"osm_ref":2000978,"archetype":"GENERIC","use":"HOUSE","levels":5,"flags":1,"height_cm":0,"min_height_cm":0,"roof_shape":"UNKNOWN","roof_material":"UNKNOWN","wall_material":"UNKNOWN","seed":2918207405,"tile":"10/516/162"},"geometry":{"type":"Polygon","coordinates":[[[85.3094013,27.7180648],[85.3095413,27.7180611],[85.3095447,27.7181617],[85.3094047,27.7181655],[85.3094013,27.7180648]]]}},
{"type":"Feature","properties":{"osm_ref":2000980,"archetype":"MODERN_URBAN","use":"UNKNOWN","levels":3,"flags":1,"height_cm":0,"min_height_cm":0,"roof_shape":"FLAT","roof_material":"UNKNOWN","wall_material":"PLASTER","seed":3442984520,"tile":"10/516/162"},"geometry":{"type":"Polygon","coordinates":[[[85.3094029,27.7181762],[85.3095429,27.7181727],[85.3095457,27.7182634],[85.3094057,27.7182669],[85.3094029,27.7181762]]]}},
{"type":"Feature","properties":{"osm_ref":2000982,"archetype":"MODERN_URBAN","use":"COMMERCIAL","levels":6,"flags":1,"height_cm":0,"min_height_cm":0,"roof_shape":"FLAT","roof_material":"UNKNOWN","wall_material":"PLASTER","seed":3123771102,"tile":"10/516/162"},"geometry":{"type":"Polygon","coordinates":[[[85.3094054,27.7182761],[85.3095455,27.7182759],[85.3095457,27.7183734],[85.3094056,27.7183737],[85.3094054,27.7182761]]]}},
{"type":"Feature","properties":{"osm_ref":2000984,"archetype":"MODERN_URBAN","use":"MIXED_USE","levels":6,"flags":1,"height_cm":0,"min_height_cm":0,"roof_shape":"FLAT","roof_material":"UNKNOWN","wall_material":"PLASTER","seed":590980964,"tile":"10/516/162"},"geometry":{"type":"Polygon","coordinates":[[[85.3094053,27.718386],[85.3095453,27.7183828],[85.3095486,27.7184997],[85.3094086,27.7185028],[85.3094053,27.718386]]]}},
{"type":"Feature","properties":{"osm_ref":2000986,"archetype":"MODERN_URBAN","use":"HOTEL","levels":4,"flags":1,"height_cm":0,"min_height_cm":0,"roof_shape":"FLAT","roof_material":"UNKNOWN","wall_material":"PLASTER","seed":1413388274,"tile":"10/516/162"},"geometry":{"type":"Polygon","coordinates":[[[85.3094063,27.7185142],[85.3095463,27.7185101],[85.3095507,27.7186309],[85.3094107,27.718635],[85.3094063,27.7185142]]]}},
{"type":"Feature","properties":{"osm_ref":2000988,"archetype":"NEWAR","use":"HOUSE","levels":4,"flags":1,"height_cm":0,"min_height_cm":0,"roof_shape":"UNKNOWN","roof_material":"UNKNOWN","wall_material":"BRICK","seed":3394896465,"tile":"10/516/162"},"geometry":{"type":"Polygon","coordinates":[[[85.3094101,27.7186437],[85.3095502,27.7186439],[85.30955,27.718758],[85.3094099,27.7187578],[85.3094101,27.7186437]]]}},
{"type":"Feature","properties":{"osm_ref":2000990,"archetype":"GENERIC","use":"HOTEL","levels":4,"flags":1,"height_cm":0,"min_height_cm":0,"roof_shape":"UNKNOWN","roof_material":"UNKNOWN","wall_material":"UNKNOWN","seed":3177001671,"tile":"10/516/162"},"geometry":{"type":"Polygon","coordinates":[[[85.3094107,27.7187695],[85.3095508,27.7187679],[85.3095522,27.7188691],[85.3094121,27.7188707],[85.3094107,27.7187695]]]}},
{"type":"Feature","properties":{"osm_ref":2000992,"archetype":"MODERN_URBAN","use":"APARTMENTS","levels":6,"flags":1,"height_cm":0,"min_height_cm":0,"roof_shape":"FLAT","roof_material":"UNKNOWN","wall_material":"PLASTER","seed":609510269,"tile":"10/516/162"},"geometry":{"type":"Polygon","coordinates":[[[85.3095551,27.7180618],[85.3096724,27.7180613],[85.3096731,27.7181926],[85.3095558,27.7181931],[85.3095551,27.7180618]]]}},
{"type":"Feature","properties":{"osm_ref":2000994,"archetype":"MODERN_URBAN","use":"COMMERCIAL","levels":3,"flags":1,"height_cm":0,"min_height_cm":0,"roof_shape":"FLAT","roof_material":"UNKNOWN","wall_material":"PLASTER","seed":1397969899,"tile":"10/516/162"},"geometry":{"type":"Polygon","coordinates":[[[85.3095575,27.7182034],[85.3096748,27.718204],[85.309674,27.7183338],[85.3095567,27.7183332],[85.3095575,27.7182034]]]}},
{"type":"Feature","properties":{"osm_ref":2000996,"archetype":"MODERN_URBAN","use":"HOTEL","levels":4,"flags":1,"height_cm":0,"min_height_cm":0,"roof_shape":"FLAT","roof_material":"UNKNOWN","wall_material":"PLASTER","seed":3287043706,"tile":"10/516/162"},"geometry":{"type":"Polygon","coordinates":[[[85.3095592,27.7183438],[85.3096765,27.7183449],[85.3096753,27.7184426],[85.309558,27.7184414],[85.3095592,27.7183438]]]}},
{"type":"Feature","properties":{"osm_ref":2000998,"archetype":"MODERN_URBAN","use":"COMMERCIAL","levels":3,"flags":1,"height_cm":0,"min_height_cm":0,"roof_shape":"FLAT","roof_material":"UNKNOWN","wall_material":"PLASTER","seed":3035332332,"tile":"10/516/162"},"geometry":{"type":"Polygon","coordinates":[[[85.3095641,27.7187371],[85.3096814,27.7187387],[85.3096797,27.7188291],[85.3095624,27.7188274],[85.3095641,27.7187371]]]}},
{"type":"Feature","properties":{"osm_ref":2001000,"archetype":"GENERIC","use":"MIXED_USE","levels":4,"flags":0,"height_cm":0,"min_height_cm":0,"roof_shape":"UNKNOWN","roof_material":"UNKNOWN","wall_material":"UNKNOWN","seed":490149686,"tile":"10/516/162"},"geometry":{"type":"Polygon","coordinates":[[[85.3095643,27.7188392],[85.3096816,27.7188389],[85.3096819,27.7189332],[85.3095646,27.7189335],[85.3095643,27.7188392]]]}},
{"type":"Feature","properties":{"osm_ref":2001002,"archetype":"GENERIC","use":"UNKNOWN","levels":3,"flags":1,"height_cm":0,"min_height_cm":0,"roof_shape":"UNKNOWN","roof_material":"UNKNOWN","wall_material":"UNKNOWN","seed":1781540768,"tile":"10/516/162"},"geometry":{"type":"Polygon","coordinates":[[[85.3095665,27.7189434],[85.3096838,27.718945],[85.3096823,27.7190381],[85.309565,27.7190366],[85.3095665,27.7189434]]]}},
{"type":"Feature","properties":{"osm_ref":2001004,"archetype":"MODERN_URBAN","use":"HOUSE","levels":3,"flags":1,"height_cm":0,"min_height_cm":0,"roof_shape":"FLAT","roof_material":"UNKNOWN","wall_material":"PLASTER","seed":4080629274,"tile":"10/516/162"},"geometry":{"type":"Polygon","coordinates":[[[85.3096844,27.7180606],[85.3098117,27.71806],[85.3098123,27.7181608],[85.309685,27.7181614],[85.3096844,27.7180606]]]}},
{"type":"Feature","properties":{"osm_ref":2001006,"archetype":"MODERN_URBAN","use":"APARTMENTS","levels":5,"flags":1,"height_cm":0,"min_height_cm":0,"roof_shape":"FLAT","roof_material":"UNKNOWN","wall_material":"PLASTER","seed":2218673804,"tile":"10/516/162"},"geometry":{"type":"Polygon","coordinates":[[[85.3096846,27.7181732],[85.3098119,27.7181706],[85.3098151,27.7182979],[85.3096878,27.7183005],[85.3096846,27.7181732]]]}},
{"type":"Feature","properties":{"osm_ref":2001008,"archetype":"GENERIC","use":"HOTEL","levels":6,"flags":1,"height_cm":0,"min_height_cm":0,"roof_shape":"UNKNOWN","roof_material":"UNKNOWN","wall_material":"UNKNOWN","seed":442159919,"tile":"10/516/162"},"geometry":{"type":"Polygon","coordinates":[[[85.3096917,27.7185521],[85.309819,27.7185539],[85.3098169,27.7186676],[85.3096896,27.7186657],[85.3096917,27.7185521]]]}},
{"type":"Feature","properties":{"osm_ref":2001010,"archetype":"MODERN_URBAN","use":"MIXED_USE","levels":6,"flags":1,"height_cm":0,"min_height_cm":0,"roof_shape":"FLAT","roof_material":"UNKNOWN","wall_material":"PLASTER","seed":1834869689,"tile":"10/516/162"},"geometry":{"type":"Polygon","coordinates":[[[85.3096903,27.7186793],[85.3098175,27.7186757],[85.3098212,27.7187758],[85.3096939,27.7187795],[85.3096903,27.7186793]]]}},
{"type":"Feature","properties":{"osm_ref":2001012,"archetype":"MODERN_URBAN","use":"HOTEL","levels":6,"flags":1,"height_cm":0,"min_height_cm":0,"roof_shape":"FLAT","roof_material":"UNKNOWN","wall_material":"PLASTER","seed":4099191299,"tile":"10/516/162"},"geometry":{"type":"Polygon","coordinates":[[[85.3096928,27.7187891],[85.3098201,27.7187879],[85.3098212,27.7188821],[85.3096939,27.7188832],[85.3096928,27.7187891]]]}},
{"type":"Feature","properties":{"osm_ref":2001014,"archetype":"GENERIC","use":"APARTMENTS","levels":6,"flags":1,"height_cm":0,"min_height_cm":0,"roof_shape":"UNKNOWN","roof_material":"UNKNOWN","wall_material":"UNKNOWN","seed":2203288213,"tile":"10/516/162"},"geometry":{"type":"Polygon","coordinates":[[[85.309692,27.7188958],[85.3098192,27.7188912],[85.3098249,27.7190171],[85.3096977,27.7190216],[85.309692,27.7188958]]]}},
{"type":"Feature","properties":{"osm_ref":2001016,"archetype":"MODERN_URBAN","use":"COMMERCIAL","levels":5,"flags":1,"height_cm":0,"min_height_cm":0,"roof_shape":"FLAT","roof_material":"UNKNOWN","wall_material":"PLASTER","seed":334274308,"tile":"10/516/162"},"geometry":{"type":"Polygon","coordinates":[[[85.308807,27.7191515],[85.3089285,27.7191522],[85.3089276,27.719269],[85.3088062,27.7192683],[85.308807,27.7191515]]]}},
{"type":"Feature","properties":{"osm_ref":2001018,"archetype":"NEWAR","use":"COMMERCIAL","levels":3,"flags":1,"height_cm":0,"min_height_cm":0,"roof_shape":"UNKNOWN","roof_material":"UNKNOWN","wall_material":"BRICK","seed":1693167506,"tile":"10/516/162"},"geometry":{"type":"Polygon","coordinates":[[[85.3088074,27.7193969],[85.3089288,27.7193932],[85.3089329,27.7195014],[85.3088115,27.7195051],[85.3088074,27.7193969]]]}},
{"type":"Feature","properties":{"osm_ref":2001020,"archetype":"MODERN_URBAN","use":"APARTMENTS","levels":3,"flags":1,"height_cm":0,"min_height_cm":0,"roof_shape":"FLAT","roof_material":"UNKNOWN","wall_material":"PLASTER","seed":70002295,"tile":"10/516/162"},"geometry":{"type":"Polygon","coordinates":[[[85.3088108,27.7195141],[85.3089323,27.7195141],[85.3089323,27.719616],[85.3088108,27.7196159],[85.3088108,27.7195141]]]}},
{"type":"Feature","properties":{"osm_ref":2001022,"archetype":"GENERIC","use":"COMMERCIAL","levels":5,"flags":1,"height_cm":0,"min_height_cm":0,"roof_shape":"UNKNOWN","roof_material":"UNKNOWN","wall_material":"UNKNOWN","seed":1932203745,"tile":"10/516/162"},"geometry":{"type":"Polygon","coordinates":[[[85.3088127,27.7196262],[85.3089341,27.7196274],[85.308933,27.7197178],[85.3088115,27.7197165],[85.3088127,27.7196262]]]}},
{"type":"Feature","properties":{"osm_ref":2001024,"archetype":"MODERN_URBAN","use":"HOTEL","levels":5,"flags":1,"height_cm":0,"min_height_cm":0,"roof_shape":"FLAT","roof_material":"UNKNOWN","wall_material":"PLASTER","seed":3928115035,"tile":"10/516/162"},"geometry":{"type":"Polygon","coordinates":[[[85.3088111,27.71973],[85.3089325,27.7197261],[85.3089373,27.7198449],[85.3088159,27.7198488],[85.3088111,27.71973]]]}},
{"type":"Feature","properties":{"osm_ref":2001026,"archetype":"MODERN_URBAN","use":"APARTMENTS","levels":3,"flags":1,"height_cm":0,"min_height_cm":0,"roof_shape":"FLAT","roof_material":"UNKNOWN","wall_material":"PLASTER","seed":2636478413,"tile":"10/516/162"},"geometry":{"type":"Polygon","coordinates":[[[85.3088149,27.7198578],[85.3089364,27.7198576],[85.3089366,27.7199739],[85.3088151,27.7199741],[85.3088149,27.7198578]]]}},
{"type":"Feature","properties":{"osm_ref":2001028,"archetype":"MODERN_URBAN","use":"UNKNOWN","levels":5,"flags":1,"height_cm":0,"min_height_cm":0,"roof_shape":"FLAT","roof_material":"UNKNOWN","wall_material":"PLASTER","seed":54649454,"tile":"10/516/162"},"geometry":{"type":"Polygon","coordinates":[[[85.3088163,27.7199849],[85.3089377,27.7199847],[85.308938,27.7200797],[85.3088165,27.7200799],[85.3088163,27.7199849]]]}},
{"type":"Feature","properties":{"osm_ref":2001030,"archetype":"NEWAR","use":"HOUSE","levels":3,"flags":1,"height_cm":0,"min_height_cm":0,"roof_shape":"UNKNOWN","roof_material":"UNKNOWN","wall_material":"BRICK","seed":1950798584,"tile":"10/516/162"},"geometry":{"type":"Polygon","coordinates":[[[85.3089392,27.7191514],[85.3090625,27.7191497],[85.3090644,27.7192618],[85.3089411,27.7192634],[85.3089392,27.7191514]]]}},
{"type":"Feature","properties":{"osm_ref":2001032,"archetype":"MODERN_URBAN","use":"HOTEL","levels":3,"flags":1,"height_cm":0,"min_height_cm":0,"roof_shape":"FLAT","roof_material":"UNKNOWN","wall_material":"PLASTER","seed":3981411138,"tile":"10/516/162"},"geometry":{"type":"Polygon","coordinates":[[[85.3089402,27.7192747],[85.3090635,27.7192722],[85.3090663,27.7193797],[85.308943,27.7193822],[85.3089402,27.7192747]]]}},
{"type":"Feature","properties":{"osm_ref":2001034,"archetype":"NEWAR","use":"APARTMENTS","levels":4,"flags":1,"height_cm":0,"min_height_cm":0,"roof_shape":"UNKNOWN","roof_material":"UNKNOWN","wall_material":"BRICK","seed":2588455892,"tile":"10/516/162"},"geometry":{"type":"Polygon","coordinates":[[[85.3089437,27.7193914],[85.309067,27.7193922],[85.3090659,27.719524],[85.3089426,27.7195232],[85.3089437,27.7193914]]]}},
{"type":"Feature","properties":{"osm_ref":2001036,"archetype":"MODERN_URBAN","use":"HOTEL","levels":4,"flags":1,"height_cm":0,"min_height_cm":0,"roof_shape":"FLAT","roof_material":"UNKNOWN","wall_material":"PLASTER","seed":184004165,"tile":"10/516/162"},"geometry":{"type":"Polygon","coordinates":[[[85.3089437,27.7195353],[85.309067,27.7195335],[85.3090689,27.7196308],[85.3089456,27.7196326],[85.3089437,27.7195353]]]}},
{"type":"Feature","properties":{"osm_ref":2001038,"archetype":"MODERN_URBAN","use":"HOTEL","levels":6,"flags":1,"height_cm":0,"min_height_cm":0,"roof_shape":"FLAT","roof_material":"UNKNOWN","wall_material":"PLASTER","seed":2112921299,"tile":"10/516/162"},"geometry":{"type":"Polygon","coordinates":[[[85.3089468,27.7196419],[85.3090701,27.7196432],[85.3090685,27.719751],[85.3089453,27.7197497],[85.3089468,27.7196419]]]}},
{"type":"Feature","properties":{"osm_ref":2001040,"archetype":"MODERN_URBAN","use":"APARTMENTS","levels":4,"flags":1,"height_cm":0,"min_height_cm":0,"roof_shape":"FLAT","roof_material":"UNKNOWN","wall_material":"PLASTER","seed":788624820,"tile":"10/516/162"},"geometry":{"type":"Polygon","coordinates":[[[85.3089488,27.719883],[85.3090721,27.719883],[85.3090721,27.7199746],[85.3089488,27.7199746],[85.3089488,27.719883]]]}},
{"type":"Feature","properties":{"osm_ref":2001042,"archetype":"NEWAR","use":"UNKNOWN","levels":3,"flags":1,"height_cm":0,"min_height_cm":0,"roof_shape":"UNKNOWN","roof_material":"UNKNOWN","wall_material":"BRICK","seed":1476805922,"tile":"10/516/162"},"geometry":{"type":"Polygon","coordinates":[[[85.3089499,27.7199856],[85.3090732,27.7199853],[85.3090736,27.720087],[85.3089503,27.7200873],[85.3089499,27.7199856]]]}},
{"type":"Feature","properties":{"osm_ref":2001044,"archetype":"MODERN_URBAN","use":"HOUSE","levels":5,"flags":1,"height_cm":0,"min_height_cm":0,"roof_shape":"FLAT","roof_material":"UNKNOWN","wall_material":"PLASTER","seed":3238991000,"tile":"10/516/162"},"geometry":{"type":"Polygon","coordinates":[[[85.3090755,27.7191494],[85.3091978,27.7191492],[85.3091981,27.7192662],[85.3090758,27.7192664],[85.3090755,27.7191494]]]}},
{"type":"Feature","properties":{"osm_ref":2001046,"archetype":"MODERN_URBAN","use":"MIXED_USE","levels":6,"flags":1,"height_cm":0,"min_height_cm":0,"roof_shape":"FLAT","roof_material":"UNKNOWN","wall_material":"PLASTER","seed":3053986830,"tile":"10/516/162"},"geometry":{"type":"Polygon","coordinates":[[[85.3090781,27.7192763],[85.3092004,27.7192779],[85.3091985,27.71939],[85.3090762,27.7193884],[85.3090781,27.7192763]]]}},
{"type":"Feature","properties":{"osm_ref":2001048,"archetype":"NEWAR","use":"MIXED_USE","levels":3,"flags":1,"height_cm":0,"min_height_cm":0,"roof_shape":"UNKNOWN","roof_material":"UNKNOWN","wall_material":"BRICK","seed":678212013,"tile":"10/516/162"},"geometry":{"type":"Polygon","coordinates":[[[85.3090792,27.7193995],[85.3092015,27.7194006],[85.3092003,27.7195055],[85.309078,27.7195044],[85.3090792,27.7193995]]]}},
{"type":"Feature","properties":{"osm_ref":2001050,"archetype":"MODERN_URBAN","use":"COMMERCIAL","levels":3,"flags":1,"height_cm":0,"min_height_cm":0,"roof_shape":"FLAT","roof_material":"UNKNOWN","wall_material":"PLASTER","seed":1600880955,"tile":"10/516/162"},"geometry":{"type":"Polygon","coordinates":[[[85.309078,27.7195174],[85.3092002,27.7195142],[85.3092045,27.7196436],[85.3090823,27.7196468],[85.309078,27.7195174]]]}},
{"type":"Feature","properties":{"osm_ref":2001052,"archetype":"NEWAR","use":"APARTMENTS","levels":3,"flags":1,"height_cm":0,"min_height_cm":0,"roof_shape":"UNKNOWN","roof_material":"UNKNOWN","wall_material":"BRICK","seed":3328364673,"tile":"10/516/162"},"geometry":{"type":"Polygon","coordinates":[[[85.3090816,27.7196561],[85.3092039,27.719656],[85.309204,27.7197584],[85.3090817,27.7197585],[85.3090816,27.7196561]]]}},
{"type":"Feature","properties":{"osm_ref":2001054,"archetype":"GENERIC","use":"APARTMENTS","levels":6,"flags":1,"height_cm":0,"min_height_cm":0,"roof_shape":"UNKNOWN","roof_material":"UNKNOWN","wall_material":"UNKNOWN","seed":2976243735,"tile":"10/516/162"},"geometry":{"type":"Polygon","coordinates":[[[85.3090828,27.7197694],[85.3092051,27.7197691],[85.3092053,27.7198594],[85.309083,27.7198596],[85.3090828,27.7197694]]]}},
{"type":"Feature","properties":{"osm_ref":2001056,"archetype":"MODERN_URBAN","use":"HOTEL","levels":3,"flags":1,"height_cm":0,"min_height_cm":0,"roof_shape":"FLAT","roof_material":"UNKNOWN","wall_material":"PLASTER","seed":567999878,"tile":"10/516/162"},"geometry":{"type":"Polygon","coordinates":[[[85.3090844,27.7198702],[85.3092067,27.7198705],[85.3092064,27.7199782],[85.309084,27.7199779],[85.3090844,27.7198702]]]}},
{"type":"Feature","properties":{"osm_ref":2001058,"archetype":"NEWAR","use":"HOUSE","levels":3,"flags":1,"height_cm":0,"min_height_cm":0,"roof_shape":"UNKNOWN","roof_material":"UNKNOWN","wall_material":"BRICK","seed":1457376528,"tile":"10/516/162"},"geometry":{"type":"Polygon","coordinates":[[[85.3090851,27.7199894],[85.3092074,27.7199884],[85.3092086,27.7201097],[85.3090863,27.7201107],[85.3090851,27.7199894]]]}},
{"type":"Feature","properties":{"osm_ref":2001060,"archetype":"GENERIC","use":"UNKNOWN","levels":4,"flags":1,"height_cm":0,"min_height_cm":0,"roof_shape":"UNKNOWN","roof_material":"UNKNOWN","wall_material":"UNKNOWN","seed":907691253,"tile":"10/516/162"},"geometry":{"type":"Polygon","coordinates":[[[85.3092107,27.7191472],[85.3093503,27.7191487],[85.309349,27.7192463],[85.3092093,27.7192448],[85.3092107,27.7191472]]]}},
{"type":"Feature","properties":{"osm_ref":2001062,"archetype":"GENERIC","use":"HOUSE","levels":5,"flags":1,"height_cm":0,"min_height_cm":0,"roof_shape":"UNKNOWN","roof_material":"UNKNOWN","wall_material":"UNKNOWN","seed":1092449379,"tile":"10/516/162"},"geometry":{"type":"Polygon","coordinates":[[[85.3092121,27.7192555],[85.3093517,27.7192573],[85.3093502,27.7193549],[85.3092105,27.7193532],[85.3092121,27.7192555]]]}},
{"type":"Feature","properties":{"osm_ref":2001064,"archetype":"MODERN_URBAN","use":"MIXED_USE","levels":4,"flags":1,"height_cm":0,"min_height_cm":0,"roof_shape":"FLAT","roof_material":"UNKNOWN","wall_material":"PLASTER","seed":3625199065,"tile":"10/516/162"},"geometry":{"type":"Polygon","coordinates":[[[85.3092139,27.7193637],[85.3093536,27.719366],[85.3093512,27.7194855],[85.3092115,27.7194833],[85.3092139,27.7193637]]]}},
{"type":"Feature","properties":{"osm_ref":2001066,"archetype":"MODERN_URBAN","use":"COMMERCIAL","levels":3,"flags":1,"height_cm":0,"min_height_cm":0,"roof_shape":"FLAT","roof_material":"UNKNOWN","wall_material":"PLASTER","seed":2937263439,"tile":"10/516/162"},"geometry":{"type":"Polygon","coordinates":[[[85.309216,27.7197444],[85.3093557,27.7197419],[85.3093579,27.7198401],[85.3092182,27.7198427],[85.309216,27.7197444]]]}},
{"type":"Feature","properties":{"osm_ref":2001068,"archetype":"GENERIC","use":"UNKNOWN","levels":4,"flags":1,"height_cm":0,"min_height_cm":0,"roof_shape":"UNKNOWN","roof_material":"UNKNOWN","wall_material":"UNKNOWN","seed":829915372,"tile":"10/516/162"},"geometry":{"type":"Polygon","coordinates":[[[85.3092165,27.7198541],[85.3093561,27.7198504],[85.3093603,27.7199737],[85.3092207,27.7199774],[85.3092165,27.7198541]]]}},
{"type":"Feature","properties":{"osm_ref":2001070,"archetype":"MODERN_URBAN","use":"HOUSE","levels":4,"flags":1,"height_cm":0,"min_height_cm":0,"roof_shape":"FLAT","roof_material":"UNKNOWN","wall_material":"PLASTER","seed":1181790330,"tile":"10/516/162"},"geometry":{"type":"Polygon","coordinates":[[[85.3092179,27.7199885],[85.3093575,27.7199844],[85.3093623,27.7201158],[85.3092227,27.7201198],[85.3092179,27.7199885]]]}},
{"type":"Feature","properties":{"osm_ref":2001072,"archetype":"NEWAR","use":"UNKNOWN","levels":3,"flags":1,"height_cm":0,"min_height_cm":0,"roof_shape":"UNKNOWN","roof_material":"UNKNOWN","wall_material":"BRICK","seed":3749306816,"tile":"10/516/162"},"geometry":{"type":"Polygon","coordinates":[[[85.3093595,27.7191486],[85.3094801,27.7191446],[85.309485,27.7192642],[85.3093645,27.7192681],[85.3093595,27.7191486]]]}},
{"type":"Feature","properties":{"osm_ref":2001074,"archetype":"GENERIC","use":"APARTMENTS","levels":3,"flags":1,"height_cm":0,"min_height_cm":0,"roof_shape":"UNKNOWN","roof_material":"UNKNOWN","wall_material":"UNKNOWN","seed":2826883414,"tile":"10/516/162"},"geometry":{"type":"Polygon","coordinates":[[[85.3093632,27.7192774],[85.3094838,27.7192767],[85.3094847,27.7194066],[85.309364,27.7194072],[85.3093632,27.7192774]]]}},
{"type":"Feature","properties":{"osm_ref":2001076,"archetype":"MODERN_URBAN","use":"APARTMENTS","levels":3,"flags":1,"height_cm":0,"min_height_cm":0,"roof_shape":"FLAT","roof_material":"UNKNOWN","wall_material":"PLASTER","seed":952224967,"tile":"10/516/162"},"geometry":{"type":"Polygon","coordinates":[[[85.3093639,27.7194188],[85.3094845,27.7194166],[85.3094869,27.7195198],[85.3093663,27.719522],[85.3093639,27.7194188]]]}},
{"type":"Feature","properties":{"osm_ref":2001078,"archetype":"MODERN_URBAN","use":"COMMERCIAL","levels":5,"flags":1,"height_cm":0,"min_height_cm":0,"roof_shape":"FLAT","roof_material":"UNKNOWN","wall_material":"PLASTER","seed":1338440785,"tile":"10/516/162"},"geometry":{"type":"Polygon","coordinates":[[[85.3093661,27.719532],[85.3094867,27.7195313],[85.3094876,27.7196449],[85.309367,27.7196456],[85.3093661,27.719532]]]}},
{"type":"Feature","properties":{"osm_ref":2001080,"archetype":"GENERIC","use":"HOUSE","levels":4,"flags":1,"height_cm":0,"min_height_cm":0,"roof_shape":"UNKNOWN","roof_material":"UNKNOWN","wall_material":"UNKNOWN","seed":2036060722,"tile":"10/516/162"},"geometry":{"type":"Polygon","coordinates":[[[85.3093687,27.7196555],[85.3094893,27.7196566],[85.309488,27.719769],[85.3093674,27.7197678],[85.3093687,27.7196555]]]}},
{"type":"Feature","properties":{"osm_ref":2001082,"archetype":"MODERN_URBAN","use":"HOUSE","levels":6,"flags":1,"height_cm":0,"min_height_cm":0,"roof_shape":"FLAT","roof_material":"UNKNOWN","wall_material":"PLASTER","seed":240968356,"tile":"10/516/162"},"geometry":{"type":"Polygon","coordinates":[[[85.3093694,27.7197792],[85.30949,27.7197792],[85.30949,27.7198718],[85.3093694,27.7198719],[85.3093694,27.7197792]]]}},
{"type":"Feature","properties":{"osm_ref":2001084,"archetype":"MODERN_URBAN","use":"MIXED_USE","levels":4,"flags":1,"height_cm":0,"min_height_cm":0,"roof_shape":"FLAT","roof_material":"UNKNOWN","wall_material":"PLASTER","seed":2538976030,"tile":"10/516/162"},"geometry":{"type":"Polygon","coordinates":[[[85.309369,27.7198842],[85.3094896,27.7198812],[85.309493,27.7199904],[85.3093725,27.7199934],[85.309369,27.7198842]]]}},
{"type":"Feature","properties":{"osm_ref":2001086,"archetype":"MODERN_URBAN","use":"COMMERCIAL","levels":6,"flags":1,"height_cm":0,"min_height_cm":0,"roof_shape":"FLAT","roof_material":"UNKNOWN","wall_material":"PLASTER","seed":3763504008,"tile":"10/516/162"},"geometry":{"type":"Polygon","coordinates":[[[85.3093715,27.7200033],[85.3094921,27.7200022],[85.3094933,27.7201],[85.3093726,27.7201011],[85.3093715,27.7200033]]]}},
{"type":"Feature","properties":{"osm_ref":2001088,"archetype":"MODERN_URBAN","use":"HOTEL","levels":6,"flags":1,"height_cm":0,"min_height_cm":0,"roof_shape":"FLAT","roof_material":"UNKNOWN","wall_material":"PLASTER","seed":2117473835,"tile":"10/516/162"},"geometry":{"type":"Polygon","coordinates":[[[85.3094946,27.7191454],[85.309653,27.7191449],[85.3096535,27.7192714],[85.309495,27.7192719],[85.3094946,27.7191454]]]}},
{"type":"Feature","properties":{"osm_ref":2001090,"archetype":"MODERN_URBAN","use":"HOTEL","levels":3,"flags":1,"height_cm":0,"min_height_cm":0,"roof_shape":"FLAT","roof_material":"UNKNOWN","wall_material":"PLASTER","seed":154216125,"tile":"10/516/162"},"geometry":{"type":"Polygon","coordinates":[[[85.309495,27.719284],[85.3096534,27.719281],[85.3096562,27.7193991],[85.3094978,27.719402],[85.309495,27.719284]]]}},
{"type":"Feature","properties":{"osm_ref":2001092,"archetype":"NEWAR","use":"UNKNOWN","levels":4,"flags":0,"height_cm":0,"min_height_cm":0,"roof_shape":"UNKNOWN","roof_material":"UNKNOWN","wall_material":"BRICK","seed":2419619591,"tile":"10/516/162"},"geometry":{"type":"Polygon","coordinates":[[[85.309499,27.71941],[85.3096574,27.7194127],[85.3096552,27.7195165],[85.3094967,27.7195138],[85.309499,27.71941]]]}},
{"type":"Feature","properties":{"osm_ref":2001094,"archetype":"MODERN_URBAN","use":"APARTMENTS","levels":4,"flags":1,"height_cm":0,"min_height_cm":0,"roof_shape":"FLAT","roof_material":"UNKNOWN","wall_material":"PLASTER","seed":3879683985,"tile":"10/516/162"},"geometry":{"type":"Polygon","coordinates":[[[85.3095005,27.7196655],[85.3096589,27.7196646],[85.3096598,27.7197765],[85.3095014,27.7197775],[85.3095005,27.7196655]]]}},
{"type":"Feature","properties":{"osm_ref":2001096,"archetype":"NEWAR","use":"UNKNOWN","levels":4,"flags":1,"height_cm":0,"min_height_cm":0,"roof_shape":"UNKNOWN","roof_material":"UNKNOWN","wall_material":"BRICK","seed":2004900352,"tile":"10/516/162"},"geometry":{"type":"Polygon","coordinates":[[[85.3095009,27.7197897],[85.3096593,27.7197859],[85.309662,27.7198755],[85.3095037,27.7198793],[85.3095009,27.7197897]]]}},
{"type":"Feature","properties":{"osm_ref":2001098,"archetype":"MODERN_URBAN","use":"HOUSE","levels":4,"flags":1,"height_cm":0,"min_height_cm":0,"roof_shape":"FLAT","roof_material":"UNKNOWN","wall_material":"PLASTER","seed":8874646,"tile":"10/516/162"},"geometry":{"type":"Polygon","coordinates":[[[85.3095019,27.7198901],[85.3096603,27.7198865],[85.3096639,27.7200131],[85.3095055,27.7200167],[85.3095019,27.7198901]]]}},
{"type":"Feature","properties":{"osm_ref":2001100,"archetype":"NEWAR","use":"UNKNOWN","levels":4,"flags":1,"height_cm":0,"min_height_cm":0,"roof_shape":"UNKNOWN","roof_material":"UNKNOWN","wall_material":"BRICK","seed":1614865267,"tile":"10/516/162"},"geometry":{"type":"Polygon","coordinates":[[[85.3095035,27.7200279],[85.3096619,27.7200237],[85.3096653,27.7201261],[85.3095069,27.7201304],[85.3095035,27.7200279]]]}},
{"type":"Feature","properties":{"osm_ref":2001102,"archetype":"GENERIC","use":"APARTMENTS","levels":4,"flags":1,"height_cm":0,"min_height_cm":0,"roof_shape":"UNKNOWN","roof_material":"UNKNOWN","wall_material":"UNKNOWN","seed":390583269,"tile":"10/516/162"},"geometry":{"type":"Polygon","coordinates":[[[85.3096661,27.7191429],[85.3098201,27.7191442],[85.3098188,27.7192701],[85.3096647,27.7192688],[85.3096661,27.7191429]]]}},
{"type":"Feature","properties":{"osm_ref":2001104,"archetype":"MODERN_URBAN","use":"UNKNOWN","levels":4,"flags":1,"height_cm":0,"min_height_cm":0,"roof_shape":"FLAT","roof_material":"UNKNOWN","wall_material":"PLASTER","seed":2387509855,"tile":"10/516/162"},"geometry":{"type":"Polygon","coordinates":[[[85.3096643,27.7192829],[85.3098183,27.7192777],[85.3098239,27.7194101],[85.3096699,27.7194152],[85.3096643,27.7192829]]]}},
{"type":"Feature","properties":{"osm_ref":2001106,"archetype":"NEWAR","use":"UNKNOWN","levels":3,"flags":1,"height_cm":0,"min_height_cm":0,"roof_shape":"UNKNOWN","roof_material":"UNKNOWN","wall_material":"BRICK","seed":4182356681,"tile":"10/516/162"},"geometry":{"type":"Polygon","coordinates":[[[85.3096692,27.719423],[85.3098232,27.719424],[85.3098223,27.7195397],[85.3096682,27.7195387],[85.3096692,27.719423]]]}},
{"type":"Feature","properties":{"osm_ref":2001108,"archetype":"GENERIC","use":"COMMERCIAL","levels":3,"flags":1,"height_cm":0,"min_height_cm":0,"roof_shape":"UNKNOWN","roof_material":"UNKNOWN","wall_material":"UNKNOWN","seed":1731012458,"tile":"10/516/162"},"geometry":{"type":"Polygon","coordinates":[[[85.3096707,27.7195494],[85.3098248,27.7195507],[85.3098236,27.7196582],[85.3096696,27.7196569],[85.3096707,27.7195494]]]}},
{"type":"Feature","properties":{"osm_ref":2001110,"archetype":"MODERN_URBAN","use":"HOUSE","levels":3,"flags":1,"height_cm":0,"min_height_cm":0,"roof_shape":"FLAT","roof_material":"UNKNOWN","wall_material":"PLASTER","seed":271194108,"tile":"10/516/162"},"geometry":{"type":"Polygon","coordinates":[[[85.3096721,27.7196678],[85.3098262,27.719669],[85.3098251,27.7197778],[85.309671,27.7197766],[85.3096721,27.7196678]]]}},
{"type":"Feature","properties":{"osm_ref":2001112,"archetype":"NEWAR","use":"APARTMENTS","levels":4,"flags":1,"height_cm":0,"min_height_cm":0,"roof_shape":"UNKNOWN","roof_material":"UNKNOWN","wall_material":"BRICK","seed":2300790342,"tile":"10/516/162"},"geometry":{"type":"Polygon","coordinates":[[[85.3096728,27.7199235],[85.3098268,27.7199192],[85.3098303,27.7200205],[85.3096763,27.7200247],[85.3096728,27.7199235]]]}},
{"type":"Feature","properties":{"osm_ref":2001114,"archetype":"MODERN_URBAN","use":"APARTMENTS","levels":6,"flags":1,"height_cm":0,"min_height_cm":0,"roof_shape":"FLAT","roof_material":"UNKNOWN","wall_material":"PLASTER","seed":4263802576,"tile":"10/516/162"},"geometry":{"type":"Polygon","coordinates":[[[85.3099895,27.7162973],[85.3101454,27.716297],[85.3101458,27.7164199],[85.3099898,27.7164203],[85.3099895,27.7162973]]]}},
{"type":"Feature","properties":{"osm_ref":2001116,"archetype":"GENERIC","use":"HOTEL","levels":4,"flags":1,"height_cm":0,"min_height_cm":0,"roof_shape":"UNKNOWN","roof_material":"UNKNOWN","wall_material":"UNKNOWN","seed":1855679297,"tile":"10/516/162"},"geometry":{"type":"Polygon","coordinates":[[[85.3099901,27.7164322],[85.310146,27.7164297],[85.3101482,27.7165349],[85.3099923,27.7165375],[85.3099901,27.7164322]]]}},
{"type":"Feature","properties":{"osm_ref":2001118,"archetype":"MODERN_URBAN","use":"HOTEL","levels":4,"flags":0,"height_cm":0,"min_height_cm":0,"roof_shape":"FLAT","roof_material":"UNKNOWN","wall_material":"PLASTER","seed":429677527,"tile":"10/516/162"},"geometry":{"type":"Polygon","coordinates":[[[85.3099919,27.7165478],[85.3101479,27.7165463],[85.310149,27.716641],[85.309993,27.7166425],[85.3099919,27.7165478]]]}},
{"type":"Feature","properties":{"osm_ref":2001120,"archetype":"GENERIC","use":"COMMERCIAL","levels":4,"flags":1,"height_cm":0,"min_height_cm":0,"roof_shape":"UNKNOWN","roof_material":"UNKNOWN","wall_material":"UNKNOWN","seed":1265479856,"tile":"10/516/162"},"geometry":{"type":"Polygon","coordinates":[[[85.3099935,27.7166529],[85.3101495,27.7166524],[85.3101499,27.7167493],[85.3099939,27.7167498],[85.3099935,27.7166529]]]}},
{"type":"Feature","properties":{"osm_ref":2001122,"archetype":"GENERIC","use":"COMMERCIAL","levels":6,"flags":1,"height_cm":0,"min_height_cm":0,"roof_shape":"UNKNOWN","roof_material":"UNKNOWN","wall_material":"UNKNOWN","seed":1013612582,"tile":"10/516/162"},"geometry":{"type":"Polygon","coordinates":[[[85.3099928,27.7167632],[85.3101487,27.7167577],[85.3101533,27.7168623],[85.3099974,27.7168678],[85.3099928,27.7167632]]]}},
{"type":"Feature","properties":{"osm_ref":2001124,"archetype":"MODERN_URBAN","use":"MIXED_USE","levels":6,"flags":1,"height_cm":0,"min_height_cm":0,"roof_shape":"FLAT","roof_material":"UNKNOWN","wall_material":"PLASTER","seed":2774782364,"tile":"10/516/162"},"geometry":{"type":"Polygon","coordinates":[[[85.3101598,27.7163989],[85.3102851,27.7164004],[85.3102834,27.7165158],[85.3101581,27.7165143],[85.3101598,27.7163989]]]}},
{"type":"Feature","properties":{"osm_ref":2001126,"archetype":"MODERN_URBAN","use":"MIXED_USE","levels":4,"flags":1,"height_cm":0,"min_height_cm":0,"roof_shape":"FLAT","roof_material":"UNKNOWN","wall_material":"PLASTER","seed":3529826570,"tile":"10/516/162"},"geometry":{"type":"Polygon","coordinates":[[[85.3101615,27.7165252],[85.3102867,27.7165266],[85.3102849,27.7166541],[85.3101596,27.7166526],[85.3101615,27.7165252]]]}},
{"type":"Feature","properties":{"osm_ref":2001128,"archetype":"MODERN_URBAN","use":"HOUSE","levels":3,"flags":1,"height_cm":0,"min_height_cm":0,"roof_shape":"FLAT","roof_material":"UNKNOWN","wall_material":"PLASTER","seed":1275098281,"tile":"10/516/162"},"geometry":{"type":"Polygon","coordinates":[[[85.3101601,27.7166661],[85.3102853,27.7166623],[85.3102894,27.7167717],[85.3101642,27.7167754],[85.3101601,27.7166661]]]}},
{"type":"Feature","properties":{"osm_ref":2001130,"archetype":"MODERN_URBAN","use":"COMMERCIAL","levels":6,"flags":1,"height_cm":0,"min_height_cm":0,"roof_shape":"FLAT","roof_material":"UNKNOWN","wall_material":"PLASTER","seed":990331967,"tile":"10/516/162"},"geometry":{"type":"Polygon","coordinates":[[[85.3102954,27.7163982],[85.310437,27.7163963],[85.310439,27.7165155],[85.3102974,27.7165174],[85.3102954,27.7163982]]]}},
{"type":"Feature","properties":{"osm_ref":2001132,"archetype":"GENERIC","use":"HOUSE","levels":3,"flags":1,"height_cm":0,"min_height_cm":0,"roof_shape":"UNKNOWN","roof_material":"UNKNOWN","wall_material":"UNKNOWN","seed":2718832005,"tile":"10/516/162"},"geometry":{"type":"Polygon","coordinates":[[[85.3102989,27.7165263],[85.3104404,27.7165283],[85.3104385,27.7166357],[85.3102969,27.7166336],[85.3102989,27.7165263]]]}},
{"type":"Feature","properties":{"osm_ref":2001134,"archetype":"MODERN_URBAN","use":"COMMERCIAL","levels":3,"flags":1,"height_cm":0,"min_height_cm":0,"roof_shape":"FLAT","roof_material":"UNKNOWN","wall_material":"PLASTER","seed":3574146323,"tile":"10/516/162"},"geometry":{"type":"Polygon","coordinates":[[[85.3102982,27.7166468],[85.3104397,27.7166442],[85.3104418,27.7167329],[85.3103002,27.7167356],[85.3102982,27.7166468]]]}},
{"type":"Feature","properties":{"osm_ref":2001136,"archetype":"MODERN_URBAN","use":"COMMERCIAL","levels":4,"flags":1,"height_cm":0,"min_height_cm":0,"roof_shape":"FLAT","roof_material":"UNKNOWN","wall_material":"PLASTER","seed":1169569922,"tile":"10/516/162"},"geometry":{"type":"Polygon","coordinates":[[[85.3103012,27.7167443],[85.3104428,27.7167458],[85.3104413,27.7168533],[85.3102998,27.7168518],[85.3103012,27.7167443]]]}},
{"type":"Feature","properties":{"osm_ref":2001138,"archetype":"MODERN_URBAN","use":"APARTMENTS","levels":3,"flags":1,"height_cm":0,"min_height_cm":0,"roof_shape":"FLAT","roof_material":"UNKNOWN","wall_material":"PLASTER","seed":850462740,"tile":"10/516/162"},"geometry":{"type":"Polygon","coordinates":[[[85.3104496,27.7162922],[85.3105943,27.7162935],[85.310593,27.7164129],[85.3104482,27.7164117],[85.3104496,27.7162922]]]}},
{"type":"Feature","properties":{"osm_ref":2001140,"archetype":"MODERN_URBAN","use":"MIXED_USE","levels":6,"flags":1,"height_cm":0,"min_height_cm":0,"roof_shape":"FLAT","roof_material":"UNKNOWN","wall_material":"PLASTER","seed":1383498225,"tile":"10/516/162"},"geometry":{"type":"Polygon","coordinates":[[[85.3104499,27.7164236],[85.3105947,27.7164227],[85.3105956,27.7165305],[85.3104508,27.7165315],[85.3104499,27.7164236]]]}},
{"type":"Feature","properties":{"osm_ref":2001142,"archetype":"MODERN_URBAN","use":"HOUSE","levels":4,"flags":1,"height_cm":0,"min_height_cm":0,"roof_shape":"FLAT","roof_material":"UNKNOWN","wall_material":"PLASTER","seed":628207975,"tile":"10/516/162"},"geometry":{"type":"Polygon","coordinates":[[[85.3104524,27.7165413],[85.3105972,27.7165423],[85.3105961,27.7166585],[85.3104513,27.7166575],[85.3104524,27.7165413]]]}},
{"type":"Feature","properties":{"osm_ref":2001144,"archetype":"MODERN_URBAN","use":"UNKNOWN","levels":3,"flags":1,"height_cm":0,"min_height_cm":0,"roof_shape":"FLAT","roof_material":"UNKNOWN","wall_material":"PLASTER","seed":3162038493,"tile":"10/516/162"},"geometry":{"type":"Polygon","coordinates":[[[85.3104542,27.7166678],[85.310599,27.7166699],[85.3105971,27.7167713],[85.3104523,27.7167692],[85.3104542,27.7166678]]]}},
{"type":"Feature","properties":{"osm_ref":2001146,"archetype":"MODERN_URBAN","use":"COMMERCIAL","levels":6,"flags":1,"height_cm":0,"min_height_cm":0,"roof_shape":"FLAT","roof_material":"UNKNOWN","wall_material":"PLASTER","seed":3414151243,"tile":"10/516/162"},"geometry":{"type":"Polygon","coordinates":[[[85.3106049,27.7162923],[85.3107562,27.7162904],[85.3107578,27.7163904],[85.3106065,27.7163924],[85.3106049,27.7162923]]]}},
{"type":"Feature","properties":{"osm_ref":2001148,"archetype":"NEWAR","use":"MIXED_USE","levels":3,"flags":1,"height_cm":0,"min_height_cm":0,"roof_shape":"UNKNOWN","roof_material":"UNKNOWN","wall_material":"BRICK","seed":1427850728,"tile":"10/516/162"},"geometry":{"type":"Polygon","coordinates":[[[85.3106066,27.7164027],[85.3107579,27.7164018],[85.3107586,27.7164933],[85.3106073,27.7164942],[85.3106066,27.7164027]]]}},
{"type":"Feature","properties":{"osm_ref":2001150,"archetype":"GENERIC","use":"HOUSE","levels":3,"flags":1,"height_cm":0,"min_height_cm":0,"roof_shape":"UNKNOWN","roof_material":"UNKNOWN","wall_material":"UNKNOWN","seed":572290430,"tile":"10/516/162"},"geometry":{"type":"Polygon","coordinates":[[[85.3106073,27.7165057],[85.3107585,27.7165035],[85.3107608,27.7166296],[85.3106096,27.7166318],[85.3106073,27.7165057]]]}},
{"type":"Feature","properties":{"osm_ref":2001152,"archetype":"NEWAR","use":"HOUSE","levels":4,"flags":1,"height_cm":0,"min_height_cm":0,"roof_shape":"UNKNOWN","roof_material":"UNKNOWN","wall_material":"BRICK","seed":3138725060,"tile":"10/516/162"},"geometry":{"type":"Polygon","coordinates":[[[85.310609,27.7166427],[85.3107602,27.7166404],[85.310762,27.7167321],[85.3106107,27.7167344],[85.310609,27.7166427]]]}},
{"type":"Feature","properties":{"osm_ref":2001154,"archetype":"GENERIC","use":"UNKNOWN","levels":3,"flags":1,"height_cm":0,"min_height_cm":0,"roof_shape":"UNKNOWN","roof_material":"UNKNOWN","wall_material":"UNKNOWN","seed":3423736914,"tile":"10/516/162"},"geometry":{"type":"Polygon","coordinates":[[[85.3106117,27.7167433],[85.310763,27.7167449],[85.3107617,27.7168373],[85.3106105,27.7168357],[85.3106117,27.7167433]]]}},
{"type":"Feature","properties":{"osm_ref":2001156,"archetype":"NEWAR","use":"UNKNOWN","levels":3,"flags":1,"height_cm":0,"min_height_cm":0,"roof_shape":"UNKNOWN","roof_material":"UNKNOWN","wall_material":"BRICK","seed":1554844099,"tile":"10/516/162"},"geometry":{"type":"Polygon","coordinates":[[[85.3107681,27.716291],[85.3109002,27.7162888],[85.3109022,27.7163845],[85.3107701,27.7163867],[85.3107681,27.716291]]]}},
{"type":"Feature","properties":{"osm_ref":2001158,"archetype":"MODERN_URBAN","use":"APARTMENTS","levels":6,"flags":1,"height_cm":0,"min_height_cm":0,"roof_shape":"FLAT","roof_material":"UNKNOWN","wall_material":"PLASTER","seed":732576085,"tile":"10/516/162"},"geometry":{"type":"Polygon","coordinates":[[[85.3107701,27.7163968],[85.3109022,27.716396],[85.310903,27.7165058],[85.3107709,27.7165065],[85.3107701,27.7163968]]]}},
{"type":"Feature","properties":{"osm_ref":2001160,"archetype":"MODERN_URBAN","use":"HOUSE","levels":3,"flags":1,"height_cm":0,"min_height_cm":0,"roof_shape":"FLAT","roof_material":"UNKNOWN","wall_material":"PLASTER","seed":3589184830,"tile":"10/516/162"},"geometry":{"type":"Polygon","coordinates":[[[85.3107727,27.7165162],[85.3109047,27.7165178],[85.3109032,27.7166222],[85.3107711,27.7166207],[85.3107727,27.7165162]]]}},
{"type":"Feature","properties":{"osm_ref":2001162,"archetype":"MODERN_URBAN","use":"HOTEL","levels":6,"flags":1,"height_cm":0,"min_height_cm":0,"roof_shape":"FLAT","roof_material":"UNKNOWN","wall_material":"PLASTER","seed":2733223336,"tile":"10/516/162"},"geometry":{"type":"Polygon","coordinates":[[[85.3107722,27.7166334],[85.3109042,27.7166312],[85.3109065,27.7167345],[85.3107744,27.7167368],[85.3107722,27.7166334]]]}},
{"type":"Feature","properties":{"osm_ref":2001164,"archetype":"GENERIC","use":"COMMERCIAL","levels":4,"flags":1,"height_cm":0,"min_height_cm":0,"roof_shape":"UNKNOWN","roof_material":"UNKNOWN","wall_material":"UNKNOWN","seed":1004600338,"tile":"10/516/162"},"geometry":{"type":"Polygon","coordinates":[[[85.3107726,27.7167488],[85.3109046,27.7167442],[85.3109086,27.7168347],[85.3107766,27.7168394],[85.3107726,27.7167488]]]}},
{"type":"Feature","properties":{"osm_ref":2001166,"archetype":"MODERN_URBAN","use":"MIXED_USE","levels":3,"flags":1,"height_cm":0,"min_height_cm":0,"roof_shape":"FLAT","roof_material":"UNKNOWN","wall_material":"PLASTER","seed":1290259588,"tile":"10/516/162"},"geometry":{"type":"Polygon","coordinates":[[[85.3109117,27.7162899],[85.3110276,27.7162873],[85.3110313,27.7164201],[85.3109155,27.7164227],[85.3109117,27.7162899]]]}},
{"type":"Feature","properties":{"osm_ref":2001168,"archetype":"MODERN_URBAN","use":"HOUSE","levels":5,"flags":1,"height_cm":0,"min_height_cm":0,"roof_shape":"FLAT","roof_material":"UNKNOWN","wall_material":"PLASTER","seed":3531823399,"tile":"10/516/162"},"geometry":{"type":"Polygon","coordinates":[[[85.3109144,27.7164328],[85.3110303,27.7164316],[85.311032,27.7165577],[85.3109161,27.7165589],[85.3109144,27.7164328]]]}},
{"type":"Feature","properties":{"osm_ref":2001170,"archetype":"NEWAR","use":"MIXED_USE","levels":3,"flags":1,"height_cm":0,"min_height_cm":0,"roof_shape":"UNKNOWN","roof_material":"UNKNOWN","wall_material":"BRICK","seed":2776918449,"tile":"10/516/162"},"geometry":{"type":"Polygon","coordinates":[[[85.3109158,27.71657],[85.3110316,27.7165683],[85.3110336,27.7166712],[85.3109178,27.7166729],[85.3109158,27.71657]]]}},
{"type":"Feature","properties":{"osm_ref":2001172,"archetype":"MODERN_URBAN","use":"HOTEL","levels":6,"flags":1,"height_cm":0,"min_height_cm":0,"roof_shape":"FLAT","roof_material":"UNKNOWN","wall_material":"PLASTER","seed":1015887883,"tile":"10/516/162"},"geometry":{"type":"Polygon","coordinates":[[[85.3109161,27.7166845],[85.3110319,27.7166813],[85.3110363,27.7168083],[85.3109205,27.7168115],[85.3109161,27.7166845]]]}},
{"type":"Feature","properties":{"osm_ref":2001174,"archetype":"MODERN_URBAN","use":"MIXED_USE","levels":5,"flags":1,"height_cm":0,"min_height_cm":0,"roof_shape":"FLAT","roof_material":"UNKNOWN","wall_material":"PLASTER","seed":1267337373,"tile":"10/516/162"},"geometry":{"type":"Polygon","coordinates":[[[85.309997,27.7169748],[85.3101246,27.7169736],[85.3101257,27.7170668],[85.3099981,27.717068],[85.309997,27.7169748]]]}},
{"type":"Feature","properties":{"osm_ref":2001176,"archetype":"MODERN_URBAN","use":"HOUSE","levels":3,"flags":1,"height_cm":0,"min_height_cm":0,"roof_shape":"FLAT","roof_material":"UNKNOWN","wall_material":"PLASTER","seed":3677689100,"tile":"10/516/162"},"geometry":{"type":"Polygon","coordinates":[[[85.309997,27.7170799],[85.3101245,27.7170767],[85.3101287,27.7172074],[85.3100011,27.7172106],[85.309997,27.7170799]]]}},
{"type":"Feature","properties":{"osm_ref":2001178,"archetype":"MODERN_URBAN","use":"HOUSE","levels":3,"flags":1,"height_cm":0,"min_height_cm":0,"roof_shape":"FLAT","roof_material":"UNKNOWN","wall_material":"PLASTER","seed":2888967578,"tile":"10/516/162"},"geometry":{"type":"Polygon","coordinates":[[[85.310001,27.7172195],[85.3101285,27.7172203],[85.3101277,27.7173236],[85.3100002,27.7173228],[85.310001,27.7172195]]]}},
{"type":"Feature","properties":{"osm_ref":2001180,"archetype":"MODERN_URBAN","use":"COMMERCIAL","levels":5,"flags":1,"height_cm":0,"min_height_cm":0,"roof_shape":"FLAT","roof_material":"UNKNOWN","wall_material":"PLASTER","seed":3438652543,"tile":"10/516/162"},"geometry":{"type":"Polygon","coordinates":[[[85.3100007,27.7173351],[85.3101283,27.7173329],[85.310131,27.7174597],[85.3100034,27.7174619],[85.3100007,27.7173351]]]}},
{"type":"Feature","properties":{"osm_ref":2001182,"archetype":"GENERIC","use":"HOTEL","levels":6,"flags":1,"height_cm":0,"min_height_cm":0,"roof_shape":"UNKNOWN","roof_material":"UNKNOWN","wall_material":"UNKNOWN","seed":3153239273,"tile":"10/516/162"},"geometry":{"type":"Polygon","coordinates":[[[85.3100019,27.7174732],[85.3101295,27.7174701],[85.3101329,27.7175809],[85.3100054,27.7175841],[85.3100019,27.7174732]]]}},
{"type":"Feature","properties":{"osm_ref":2001184,"archetype":"MODERN_URBAN","use":"MIXED_USE","levels":4,"flags":1,"height_cm":0,"min_height_cm":0,"roof_shape":"FLAT","roof_material":"UNKNOWN","wall_material":"PLASTER","seed":586927443,"tile":"10/516/162"},"geometry":{"type":"Polygon","coordinates":[[[85.3100053,27.7175931],[85.3101329,27.7175936],[85.3101324,27.7176991],[85.3100048,27.7176986],[85.3100053,27.7175931]]]}},
{"type":"Feature","properties":{"osm_ref":2001186,"archetype":"GENERIC","use":"COMMERCIAL","levels":5,"flags":1,"height_cm":0,"min_height_cm":0,"roof_shape":"UNKNOWN","roof_material":"UNKNOWN","wall_material":"UNKNOWN","seed":1442643397,"tile":"10/516/162"},"geometry":{"type":"Polygon","coordinates":[[[85.3100069,27.7177094],[85.3101345,27.7177101],[85.3101337,27.717825],[85.3100061,27.7178243],[85.3100069,27.7177094]]]}},
{"type":"Feature","properties":{"osm_ref":2001188,"archetype":"NEWAR","use":"HOTEL","levels":3,"flags":1,"height_cm":0,"min_height_cm":0,"roof_shape":"UNKNOWN","roof_material":"UNKNOWN","wall_material":"BRICK","seed":3415763046,"tile":"10/516/162"},"geometry":{"type":"Polygon","coordinates":[[[85.3100078,27.7178356],[85.3101354,27.7178353],[85.3101358,27.7179576],[85.3100083,27.717958],[85.3100078,27.7178356]]]}},
{"type":"Feature","properties":{"osm_ref":2001190,"archetype":"MODERN_URBAN","use":"HOUSE","levels":5,"flags":1,"height_cm":0,"min_height_cm":0,"roof_shape":"FLAT","roof_material":"UNKNOWN","wall_material":"PLASTER","seed":3164559600,"tile":"10/516/162"},"geometry":{"type":"Polygon","coordinates":[[[85.3101381,27.7169717],[85.3102981,27.7169737],[85.3102966,27.7170685],[85.3101366,27.7170665],[85.3101381,27.7169717]]]}},
{"type":"Feature","properties":{"osm_ref":2001192,"archetype":"GENERIC","use":"UNKNOWN","levels":5,"flags":1,"height_cm":0,"min_height_cm":0,"roof_shape":"UNKNOWN","roof_material":"UNKNOWN","wall_material":"UNKNOWN","seed":630589770,"tile":"10/516/162"},"geometry":{"type":"Polygon","coordinates":[[[85.3101398,27.7170772],[85.3102998,27.7170796],[85.3102976,27.7171944],[85.3101376,27.717192],[85.3101398,27.7170772]]]}},
{"type":"Feature","properties":{"osm_ref":2001194,"archetype":"MODERN_URBAN","use":"APARTMENTS","levels":5,"flags":1,"height_cm":0,"min_height_cm":0,"roof_shape":"FLAT","roof_material":"UNKNOWN","wall_material":"PLASTER","seed":1385249244,"tile":"10/516/162"},"geometry":{"type":"Polygon","coordinates":[[[85.3101401,27.7172041],[85.3103001,27.7172039],[85.3103003,27.717324],[85.3101403,27.7173242],[85.3101401,27.7172041]]]}},
{"type":"Feature","properties":{"osm_ref":2001196,"archetype":"MODERN_URBAN","use":"HOTEL","levels":6,"flags":1,"height_cm":0,"min_height_cm":0,"roof_shape":"FLAT","roof_material":"UNKNOWN","wall_material":"PLASTER","seed":3257803853,"tile":"10/516/162"},"geometry":{"type":"Polygon","coordinates":[[[85.310143,27.7173335],[85.3103029,27.7173363],[85.3103005,27.7174465],[85.3101406,27.7174438],[85.310143,27.7173335]]]}},
{"type":"Feature","properties":{"osm_ref":2001198,"archetype":"MODERN_URBAN","use":"COMMERCIAL","levels":4,"flags":1,"height_cm":0,"min_height_cm":0,"roof_shape":"FLAT","roof_material":"UNKNOWN","wall_material":"PLASTER","seed":3039368411,"tile":"10/516/162"},"geometry":{"type":"Polygon","coordinates":[[[85.3101433,27.717456],[85.3103033,27.717456],[85.3103033,27.7175853],[85.3101433,27.7175852],[85.3101433,27.717456]]]}},
{"type":"Feature","properties":{"osm_ref":2001200,"archetype":"NEWAR","use":"HOUSE","levels":4,"flags":1,"height_cm":0,"min_height_cm":0,"roof_shape":"UNKNOWN","roof_material":"UNKNOWN","wall_material":"BRICK","seed":527542639,"tile":"10/516/162"},"geometry":{"type":"Polygon","coordinates":[[[85.3101428,27.7175985],[85.3103027,27.7175938],[85.310307,27.7177104],[85.3101471,27.7177152],[85.3101428,27.7175985]]]}},
{"type":"Feature","properties":{"osm_ref":2001202,"archetype":"MODERN_URBAN","use":"COMMERCIAL","levels":5,"flags":1,"height_cm":0,"min_height_cm":0,"roof_shape":"FLAT","roof_material":"UNKNOWN","wall_material":"PLASTER","seed":1752603129,"tile":"10/516/162"},"geometry":{"type":"Polygon","coordinates":[[[85.3101475,27.7177223],[85.3103074,27.717725],[85.3103052,27.7178284],[85.3101453,27.7178256],[85.3101475,27.7177223]]]}},
{"type":"Feature","properties":{"osm_ref":2001204,"archetype":"MODERN_URBAN","use":"UNKNOWN","levels":5,"flags":1,"height_cm":0,"min_height_cm":0,"roof_shape":"FLAT","roof_material":"UNKNOWN","wall_material":"PLASTER","seed":4051683395,"tile":"10/516/162"},"geometry":{"type":"Polygon","coordinates":[[[85.3101468,27.717839],[85.3103068,27.7178367],[85.3103086,27.7179372],[85.3101486,27.7179394],[85.3101468,27.717839]]]}},
{"type":"Feature","properties":{"osm_ref":2001206,"archetype":"MODERN_URBAN","use":"MIXED_USE","levels":4,"flags":1,"height_cm":0,"min_height_cm":0,"roof_shape":"FLAT","roof_material":"UNKNOWN","wall_material":"PLASTER","seed":2256074965,"tile":"10/516/162"},"geometry":{"type":"Polygon","coordinates":[[[85.3103069,27.7169734],[85.3104197,27.7169694],[85.3104252,27.7170925],[85.3103124,27.7170965],[85.3103069,27.7169734]]]}},
{"type":"Feature","properties":{"osm_ref":2001208,"archetype":"MODERN_URBAN","use":"COMMERCIAL","levels":4,"flags":1,"height_cm":0,"min_height_cm":0,"roof_shape":"FLAT","roof_material":"UNKNOWN","wall_material":"PLASTER","seed":404516214,"tile":"10/516/162"},"geometry":{"type":"Polygon","coordinates":[[[85.3103117,27.7171049],[85.3104246,27.7171057],[85.3104235,27.7172173],[85.3103107,27.7172165],[85.3103117,27.7171049]]]}},
{"type":"Feature","properties":{"osm_ref":2001210,"archetype":"MODERN_URBAN","use":"HOUSE","levels":4,"flags":1,"height_cm":0,"min_height_cm":0,"roof_shape":"FLAT","roof_material":"UNKNOWN","wall_material":"PLASTER","seed":1864064480,"tile":"10/516/162"},"geometry":{"type":"Polygon","coordinates":[[[85.3103101,27.7172297],[85.3104229,27.7172259],[85.3104283,27.7173567],[85.3103155,27.7173604],[85.3103101,27.7172297]]]}},
{"type":"Feature","properties":{"osm_ref":2001212,"archetype":"MODERN_URBAN","use":"MIXED_USE","levels":6,"flags":1,"height_cm":0,"min_height_cm":0,"roof_shape":"FLAT","roof_material":"UNKNOWN","wall_material":"PLASTER","seed":4128377946,"tile":"10/516/162"},"geometry":{"type":"Polygon","coordinates":[[[85.3103127,27.7173708],[85.3104255,27.7173681],[85.3104289,27.7174823],[85.3103161,27.717485],[85.3103127,27.7173708]]]}},
{"type":"Feature","properties":{"osm_ref":2001214,"archetype":"MODERN_URBAN","use":"COMMERCIAL","levels":3,"flags":1,"height_cm":0,"min_height_cm":0,"roof_shape":"FLAT","roof_material":"UNKNOWN","wall_material":"PLASTER","seed":2165652684,"tile":"10/516/162"},"geometry":{"type":"Polygon","coordinates":[[[85.310313,27.7174966],[85.3104258,27.7174925],[85.3104317,27.7176232],[85.310319,27.7176273],[85.310313,27.7174966]]]}},
{"type":"Feature","properties":{"osm_ref":2001216,"archetype":"GENERIC","use":"MIXED_USE","levels":3,"flags":1,"height_cm":0,"min_height_cm":0,"roof_shape":"UNKNOWN","roof_material":"UNKNOWN","wall_material":"UNKNOWN","seed":296362333,"tile":"10/516/162"},"geometry":{"type":"Polygon","coordinates":[[[85.310316,27.7176374],[85.3104288,27.7176349],[85.3104318,27.7177416],[85.310319,27.7177441],[85.310316,27.7176374]]]}},
{"type":"Feature","properties":{"osm_ref":2001218,"archetype":"MODERN_URBAN","use":"APARTMENTS","levels":3,"flags":1,"height_cm":0,"min_height_cm":0,"roof_shape":"FLAT","roof_material":"UNKNOWN","wall_material":"PLASTER","seed":1722618315,"tile":"10/516/162"},"geometry":{"type":"Polygon","coordinates":[[[85.310317,27.7177555],[85.3104298,27.7177519],[85.3104335,27.7178447],[85.3103207,27.7178483],[85.310317,27.7177555]]]}},
{"type":"Feature","properties":{"osm_ref":2001220,"archetype":"MODERN_URBAN","use":"COMMERCIAL","levels":6,"flags":1,"height_cm":0,"min_height_cm":0,"roof_shape":"FLAT","roof_material":"UNKNOWN","wall_material":"PLASTER","seed":107649070,"tile":"10/516/162"},"geometry":{"type":"Polygon","coordinates":[[[85.3104328,27.7169719],[85.3105697,27.7169681],[85.3105733,27.7170696],[85.3104364,27.7170734],[85.3104328,27.7169719]]]}},
{"type":"Feature","properties":{"osm_ref":2001222,"archetype":"MODERN_URBAN","use":"MIXED_USE","levels":4,"flags":1,"height_cm":0,"min_height_cm":0,"roof_shape":"FLAT","roof_material":"UNKNOWN","wall_material":"PLASTER","seed":1903012024,"tile":"10/516/162"},"geometry":{"type":"Polygon","coordinates":[[[85.3104357,27.7170825],[85.3105727,27.7170822],[85.3105729,27.7171721],[85.3104359,27.7171724],[85.3104357,27.7170825]]]}},
{"type":"Feature","properties":{"osm_ref":2001224,"archetype":"MODERN_URBAN","use":"APARTMENTS","levels":5,"flags":1,"height_cm":0,"min_height_cm":0,"roof_shape":"FLAT","roof_material":"UNKNOWN","wall_material":"PLASTER","seed":3898931458,"tile":"10/516/162"},"geometry":{"type":"Polygon","coordinates":[[[85.3104359,27.7171845],[85.3105728,27.7171818],[85.3105752,27.7172784],[85.3104383,27.7172811],[85.3104359,27.7171845]]]}},
{"type":"Feature","properties":{"osm_ref":2001226,"archetype":"MODERN_URBAN","use":"APARTMENTS","levels":5,"flags":1,"height_cm":0,"min_height_cm":0,"roof_shape":"FLAT","roof_material":"UNKNOWN","wall_material":"PLASTER","seed":2674117012,"tile":"10/516/162"},"geometry":{"type":"Polygon","coordinates":[[[85.3104373,27.7172917],[85.3105742,27.7172894],[85.3105766,27.7174041],[85.3104397,27.7174064],[85.3104373,27.7172917]]]}},
{"type":"Feature","properties":{"osm_ref":2001228,"archetype":"MODERN_URBAN","use":"HOTEL","levels":5,"flags":1,"height_cm":0,"min_height_cm":0,"roof_shape":"FLAT","roof_material":"UNKNOWN","wall_material":"PLASTER","seed":17259575,"tile":"10/516/162"},"geometry":{"type":"Polygon","coordinates":[[[85.3104402,27.7174159],[85.3105772,27.7174162],[85.3105768,27.7175455],[85.3104399,27.7175452],[85.3104402,27.7174159]]]}},
{"type":"Feature","properties":{"osm_ref":2001230,"archetype":"MODERN_URBAN","use":"APARTMENTS","levels":3,"flags":1,"height_cm":0,"min_height_cm":0,"roof_shape":"FLAT","roof_material":"UNKNOWN","wall_material":"PLASTER","seed":1979739297,"tile":"10/516/162"},"geometry":{"type":"Polygon","coordinates":[[[85.3104403,27.7175573],[85.3105773,27.717555],[85.3105801,27.7176867],[85.3104432,27.717689],[85.3104403,27.7175573]]]}},
{"type":"Feature","properties":{"osm_ref":2001232,"archetype":"GENERIC","use":"HOUSE","levels":5,"flags":1,"height_cm":0,"min_height_cm":0,"roof_shape":"UNKNOWN","roof_material":"UNKNOWN","wall_material":"UNKNOWN","seed":4010360091,"tile":"10/516/162"},"geometry":{"type":"Polygon","coordinates":[[[85.3104433,27.7176987],[85.3105803,27.7176987],[85.3105802,27.7178087],[85.3104433,27.7178087],[85.3104433,27.7176987]]]}},
{"type":"Feature","properties":{"osm_ref":2001234,"archetype":"MODERN_URBAN","use":"COMMERCIAL","levels":4,"flags":1,"height_cm":0,"min_height_cm":0,"roof_shape":"FLAT","roof_material":"UNKNOWN","wall_material":"PLASTER","seed":2551057805,"tile":"10/516/162"},"geometry":{"type":"Polygon","coordinates":[[[85.3104452,27.7178189],[85.3105822,27.7178201],[85.3105811,27.7179207],[85.3104442,27.7179196],[85.3104452,27.7178189]]]}},
{"type":"Feature","properties":{"osm_ref":2001236,"archetype":"MODERN_URBAN","use":"HOTEL","levels":4,"flags":1,"height_cm":0,"min_height_cm":0,"roof_shape":"FLAT","roof_material":"UNKNOWN","wall_material":"PLASTER","seed":145821724,"tile":"10/516/162"},"geometry":{"type":"Polygon","coordinates":[[[85.3105826,27.7170994],[85.3107043,27.717095],[85.3107098,27.7172153],[85.3105881,27.7172197],[85.3105826,27.7170994]]]}},
{"type":"Feature","properties":{"osm_ref":2001238,"archetype":"NEWAR","use":"HOTEL","levels":4,"flags":1,"height_cm":0,"min_height_cm":0,"roof_shape":"UNKNOWN","roof_material":"UNKNOWN","wall_material":"BRICK","seed":2142642314,"tile":"10/516/162"},"geometry":{"type":"Polygon","coordinates":[[[85.3105875,27.7172278],[85.3107093,27.717229],[85.3107079,27.7173383],[85.3105861,27.717337],[85.3105875,27.7172278]]]}},
{"type":"Feature","properties":{"osm_ref":2001240,"archetype":"MODERN_URBAN","use":"MIXED_USE","levels":5,"flags":1,"height_cm":0,"min_height_cm":0,"roof_shape":"FLAT","roof_material":"UNKNOWN","wall_material":"PLASTER","seed":759679981,"tile":"10/516/162"},"geometry":{"type":"Polygon","coordinates":[[[85.3105861,27.7173503],[85.3107079,27.7173467],[85.3107123,27.7174648],[85.3105906,27.7174684],[85.3105861,27.7173503]]]}},
{"type":"Feature","properties":{"osm_ref":2001242,"archetype":"NEWAR","use":"APARTMENTS","levels":3,"flags":1,"height_cm":0,"min_height_cm":0,"roof_shape":"UNKNOWN","roof_material":"UNKNOWN","wall_material":"BRICK","seed":1514208123,"tile":"10/516/162"},"geometry":{"type":"Polygon","coordinates":[[[85.3105909,27.7174768],[85.3107127,27.7174782],[85.3107108,27.7176067],[85.310589,27.7176053],[85.3105909,27.7174768]]]}},
{"type":"Feature","properties":{"osm_ref":2001244,"archetype":"MODERN_URBAN","use":"HOUSE","levels":4,"flags":1,"height_cm":0,"min_height_cm":0,"roof_shape":"FLAT","roof_material":"UNKNOWN","wall_material":"PLASTER","seed":3276384961,"tile":"10/516/162"},"geometry":{"type":"Polygon","coordinates":[[[85.3105925,27.7176158],[85.3107143,27.7176178],[85.3107122,27.7177208],[85.3105904,27.7177188],[85.3105925,27.7176158]]]}},
{"type":"Feature","properties":{"osm_ref":2001246,"archetype":"GENERIC","use":"MIXED_USE","levels":5,"flags":1,"height_cm":0,"min_height_cm":0,"roof_shape":"UNKNOWN","roof_material":"UNKNOWN","wall_material":"UNKNOWN","seed":3025050199,"tile":"10/516/162"},"geometry":{"type":"Polygon","coordinates":[[[85.3105925,27.7177309],[85.3107143,27.7177303],[85.310715,27.7178363],[85.3105931,27.7178369],[85.3105925,27.7177309]]]}},
{"type":"Feature","properties":{"osm_ref":2001248,"archetype":"MODERN_URBAN","use":"UNKNOWN","levels":6,"flags":0,"height_cm":0,"min_height_cm":0,"roof_shape":"FLAT","roof_material":"UNKNOWN","wall_material":"PLASTER","seed":707399668,"tile":"10/516/162"},"geometry":{"type":"Polygon","coordinates":[[[85.3105939,27.7178477],[85.3107157,27.7178471],[85.3107163,27.7179518],[85.3105945,27.7179524],[85.3105939,27.7178477]]]}},
{"type":"Feature","properties":{"osm_ref":2001250,"archetype":"MODERN_URBAN","use":"UNKNOWN","levels":5,"flags":1,"height_cm":0,"min_height_cm":0,"roof_shape":"FLAT","roof_material":"UNKNOWN","wall_material":"PLASTER","seed":1563246434,"tile":"10/516/162"},"geometry":{"type":"Polygon","coordinates":[[[85.3107166,27.7169686],[85.310865,27.7169659],[85.3108671,27.7170556],[85.3107186,27.7170583],[85.3107166,27.7169686]]]}},
{"type":"Feature","properties":{"osm_ref":2001252,"archetype":"MODERN_URBAN","use":"APARTMENTS","levels":3,"flags":1,"height_cm":0,"min_height_cm":0,"roof_shape":"FLAT","roof_material":"UNKNOWN","wall_material":"PLASTER","seed":3290722008,"tile":"10/516/162"},"geometry":{"type":"Polygon","coordinates":[[[85.3107185,27.7170681],[85.310867,27.7170674],[85.3108676,27.7171653],[85.3107191,27.717166],[85.3107185,27.7170681]]]}},
{"type":"Feature","properties":{"osm_ref":2001254,"archetype":"GENERIC","use":"UNKNOWN","levels":3,"flags":1,"height_cm":0,"min_height_cm":0,"roof_shape":"UNKNOWN","roof_material":"UNKNOWN","wall_material":"UNKNOWN","seed":3005439566,"tile":"10/516/162"},"geometry":{"type":"Polygon","coordinates":[[[85.3107194,27.7171773],[85.3108678,27.7171756],[85.3108695,27.7172854],[85.310721,27.7172872],[85.3107194,27.7171773]]]}},
{"type":"Feature","properties":{"osm_ref":2001256,"archetype":"MODERN_URBAN","use":"UNKNOWN","levels":6,"flags":1,"height_cm":0,"min_height_cm":0,"roof_shape":"FLAT","roof_material":"UNKNOWN","wall_material":"PLASTER","seed":597443551,"tile":"10/516/162"},"geometry":{"type":"Polygon","coordinates":[[[85.3107214,27.7172973],[85.3108699,27.7172968],[85.3108703,27.7174044],[85.3107219,27.7174049],[85.3107214,27.7172973]]]}},
{"type":"Feature","properties":{"osm_ref":2001258,"archetype":"MODERN_URBAN","use":"UNKNOWN","levels":3,"flags":1,"height_cm":0,"min_height_cm":0,"roof_shape":"FLAT","roof_material":"UNKNOWN","wall_material":"PLASTER","seed":1419473737,"tile":"10/516/162"},"geometry":{"type":"Polygon","coordinates":[[[85.3107214,27.7174175],[85.3108698,27.7174135],[85.310873,27.7175077],[85.3107246,27.7175116],[85.3107214,27.7174175]]]}},
{"type":"Feature","properties":{"osm_ref":2001260,"archetype":"GENERIC","use":"MIXED_USE","levels":4,"flags":1,"height_cm":0,"min_height_cm":0,"roof_shape":"UNKNOWN","roof_material":"UNKNOWN","wall_material":"UNKNOWN","seed":878508716,"tile":"10/516/162"},"geometry":{"type":"Polygon","coordinates":[[[85.3107223,27.7175228],[85.3108707,27.7175182],[85.3108747,27.7176205],[85.3107263,27.7176251],[85.3107223,27.7175228]]]}},
{"type":"Feature","properties":{"osm_ref":2001262,"archetype":"NEWAR","use":"MIXED_USE","levels":4,"flags":1,"height_cm":0,"min_height_cm":0,"roof_shape":"UNKNOWN","roof_material":"UNKNOWN","wall_material":"BRICK","seed":1130089018,"tile":"10/516/162"},"geometry":{"type":"Polygon","coordinates":[[[85.3107255,27.7177779],[85.3108739,27.7177733],[85.3108775,27.7178667],[85.3107291,27.7178713],[85.3107255,27.7177779]]]}},
{"type":"Feature","properties":{"osm_ref":2001264,"archetype":"MODERN_URBAN","use":"UNKNOWN","levels":3,"flags":1,"height_cm":0,"min_height_cm":0,"roof_shape":"FLAT","roof_material":"UNKNOWN","wall_material":"PLASTER","seed":3662846848,"tile":"10/516/162"},"geometry":{"type":"Polygon","coordinates":[[[85.3108788,27.7169653],[85.3109963,27.7169665],[85.3109951,27.717055],[85.3108776,27.7170537],[85.3108788,27.7169653]]]}},
{"type":"Feature","properties":{"osm_ref":2001266,"archetype":"MODERN_URBAN","use":"MIXED_USE","levels":6,"flags":0,"height_cm":0,"min_height_cm":0,"roof_shape":"FLAT","roof_material":"UNKNOWN","wall_material":"PLASTER","seed":2908072726,"tile":"10/516/162"},"geometry":{"type":"Polygon","coordinates":[[[85.3108787,27.7170659],[85.3109962,27.7170645],[85.3109979,27.7171835],[85.3108805,27.7171849],[85.3108787,27.7170659]]]}},
{"type":"Feature","properties":{"osm_ref":2001268,"archetype":"GENERIC","use":"MIXED_USE","levels":5,"flags":1,"height_cm":0,"min_height_cm":0,"roof_shape":"UNKNOWN","roof_material":"UNKNOWN","wall_material":"UNKNOWN","seed":858865333,"tile":"10/516/162"},"geometry":{"type":"Polygon","coordinates":[[[85.3108787,27.717197],[85.3109961,27.7171931],[85.3110011,27.7173121],[85.3108837,27.717316],[85.3108787,27.717197]]]}},
{"type":"Feature","properties":{"osm_ref":2001270,"archetype":"GENERIC","use":"UNKNOWN","levels":5,"flags":1,"height_cm":0,"min_height_cm":0,"roof_shape":"UNKNOWN","roof_material":"UNKNOWN","wall_material":"UNKNOWN","seed":1144393251,"tile":"10/516/162"},"geometry":{"type":"Polygon","coordinates":[[[85.3108833,27.7173245],[85.3110008,27.7173254],[85.3109996,27.7174495],[85.3108821,27.7174486],[85.3108833,27.7173245]]]}},
{"type":"Feature","properties":{"osm_ref":2001272,"archetype":"MODERN_URBAN","use":"UNKNOWN","levels":4,"flags":0,"height_cm":0,"min_height_cm":0,"roof_shape":"FLAT","roof_material":"UNKNOWN","wall_material":"PLASTER","seed":3711917977,"tile":"10/516/162"},"geometry":{"type":"Polygon","coordinates":[[[85.3108862,27.717569],[85.3110037,27.7175699],[85.3110025,27.7176909],[85.310885,27.71769],[85.3108862,27.717569]]]}},
{"type":"Feature","properties":{"osm_ref":2001274,"archetype":"MODERN_URBAN","use":"HOUSE","levels":5,"flags":1,"height_cm":0,"min_height_cm":0,"roof_shape":"FLAT","roof_material":"UNKNOWN","wall_material":"PLASTER","seed":2855825167,"tile":"10/516/162"},"geometry":{"type":"Polygon","coordinates":[[[85.3108868,27.7177016],[85.3110043,27.7177009],[85.3110051,27.717822],[85.3108876,27.7178227],[85.3108868,27.7177016]]]}},
{"type":"Feature","properties":{"osm_ref":2001276,"archetype":"MODERN_URBAN","use":"COMMERCIAL","levels":6,"flags":1,"height_cm":0,"min_height_cm":0,"roof_shape":"FLAT","roof_material":"UNKNOWN","wall_material":"PLASTER","seed":981955230,"tile":"10/516/162"},"geometry":{"type":"Polygon","coordinates":[[[85.3100115,27.7180564],[85.3101541,27.7180579],[85.3101524,27.7181862],[85.3100099,27.7181847],[85.3100115,27.7180564]]]}},
{"type":"Feature","properties":{"osm_ref":2001278,"archetype":"MODERN_URBAN","use":"HOUSE","levels":5,"flags":1,"height_cm":0,"min_height_cm":0,"roof_shape":"FLAT","roof_material":"UNKNOWN","wall_material":"PLASTER","seed":1300251144,"tile":"10/516/162"},"geometry":{"type":"Polygon","coordinates":[[[85.31001,27.7181986],[85.3101524,27.718194],[85.3101571,27.718308],[85.3100147,27.7183126],[85.31001,27.7181986]]]}},
{"type":"Feature","properties":{"osm_ref":2001280,"archetype":"MODERN_URBAN","use":"HOTEL","levels":6,"flags":1,"height_cm":0,"min_height_cm":0,"roof_shape":"FLAT","roof_material":"UNKNOWN","wall_material":"PLASTER","seed":2065525867,"tile":"10/516/162"},"geometry":{"type":"Polygon","coordinates":[[[85.3100138,27.7183213],[85.3101563,27.7183211],[85.3101566,27.7184537],[85.310014,27.7184539],[85.3100138,27.7183213]]]}},
{"type":"Feature","properties":{"osm_ref":2001282,"archetype":"GENERIC","use":"APARTMENTS","levels":4,"flags":1,"height_cm":0,"min_height_cm":0,"roof_shape":"UNKNOWN","roof_material":"UNKNOWN","wall_material":"UNKNOWN","seed":203054333,"tile":"10/516/162"},"geometry":{"type":"Polygon","coordinates":[[[85.3100148,27.7184654],[85.3101573,27.7184639],[85.3101586,27.7185649],[85.3100161,27.7185663],[85.3100148,27.7184654]]]}},
{"type":"Feature","properties":{"osm_ref":2001284,"archetype":"MODERN_URBAN","use":"UNKNOWN","levels":5,"flags":1,"height_cm":0,"min_height_cm":0,"roof_shape":"FLAT","roof_material":"UNKNOWN","wall_material":"PLASTER","seed":2501053767,"tile":"10/516/162"},"geometry":{"type":"Polygon","coordinates":[[[85.3100165,27.7185768],[85.310159,27.7185761],[85.3101599,27.7187055],[85.3100174,27.7187062],[85.3100165,27.7185768]]]}},
{"type":"Feature","properties":{"osm_ref":2001286,"archetype":"MODERN_URBAN","use":"COMMERCIAL","levels":3,"flags":1,"height_cm":0,"min_height_cm":0,"roof_shape":"FLAT","roof_material":"UNKNOWN","wall_material":"PLASTER","seed":3792977361,"tile":"10/516/162"},"geometry":{"type":"Polygon","coordinates":[[[85.3100173,27.718718],[85.3101598,27.7187154],[85.310162,27.718811],[85.3100195,27.7188136],[85.3100173,27.718718]]]}},
{"type":"Feature","properties":{"osm_ref":2001288,"archetype":"GENERIC","use":"MIXED_USE","levels":6,"flags":1,"height_cm":0,"min_height_cm":0,"roof_shape":"UNKNOWN","roof_material":"UNKNOWN","wall_material":"UNKNOWN","seed":2087757938,"tile":"10/516/162"},"geometry":{"type":"Polygon","coordinates":[[[85.3100187,27.7188242],[85.3101613,27.7188222],[85.3101636,27.7189536],[85.310021,27.7189555],[85.3100187,27.7188242]]]}},
{"type":"Feature","properties":{"osm_ref":2001290,"archetype":"MODERN_URBAN","use":"HOTEL","levels":4,"flags":1,"height_cm":0,"min_height_cm":0,"roof_shape":"FLAT","roof_material":"UNKNOWN","wall_material":"PLASTER","seed":192387300,"tile":"10/516/162"},"geometry":{"type":"Polygon","coordinates":[[[85.3101659,27.7180548],[85.3103026,27.7180566],[85.3103011,27.7181468],[85.3101644,27.718145],[85.3101659,27.7180548]]]}},
{"type":"Feature","properties":{"osm_ref":2001292,"archetype":"MODERN_URBAN","use":"HOUSE","levels":5,"flags":1,"height_cm":0,"min_height_cm":0,"roof_shape":"FLAT","roof_material":"UNKNOWN","wall_material":"PLASTER","seed":2457782622,"tile":"10/516/162"},"geometry":{"type":"Polygon","coordinates":[[[85.3101649,27.7181583],[85.3103016,27.7181552],[85.3103047,27.7182608],[85.310168,27.7182639],[85.3101649,27.7181583]]]}},
{"type":"Feature","properties":{"osm_ref":2001294,"archetype":"GENERIC","use":"COMMERCIAL","levels":4,"flags":1,"height_cm":0,"min_height_cm":0,"roof_shape":"UNKNOWN","roof_material":"UNKNOWN","wall_material":"UNKNOWN","seed":3849976264,"tile":"10/516/162"},"geometry":{"type":"Polygon","coordinates":[[[85.3101674,27.7182736],[85.3103041,27.7182728],[85.3103049,27.718373],[85.3101682,27.7183739],[85.3101674,27.7182736]]]}},
{"type":"Feature","properties":{"osm_ref":2001296,"archetype":"GENERIC","use":"COMMERCIAL","levels":5,"flags":1,"height_cm":0,"min_height_cm":0,"roof_shape":"UNKNOWN","roof_material":"UNKNOWN","wall_material":"UNKNOWN","seed":1975968857,"tile":"10/516/162"},"geometry":{"type":"Polygon","coordinates":[[[85.3101697,27.7183837],[85.3103063,27.7183848],[85.3103053,27.7184838],[85.3101686,27.7184827],[85.3101697,27.7183837]]]}},
{"type":"Feature","properties":{"osm_ref":2001298,"archetype":"MODERN_URBAN","use":"MIXED_USE","levels":3,"flags":1,"height_cm":0,"min_height_cm":0,"roof_shape":"FLAT","roof_material":"UNKNOWN","wall_material":"PLASTER","seed":46257359,"tile":"10/516/162"},"geometry":{"type":"Polygon","coordinates":[[[85.310171,27.7184935],[85.3103076,27.7184946],[85.3103066,27.7185923],[85.31017,27.7185911],[85.310171,27.7184935]]]}},
{"type":"Feature","properties":{"osm_ref":2001300,"archetype":"GENERIC","use":"HOTEL","levels":5,"flags":1,"height_cm":0,"min_height_cm":0,"roof_shape":"UNKNOWN","roof_material":"UNKNOWN","wall_material":"UNKNOWN","seed":1644584234,"tile":"10/516/162"},"geometry":{"type":"Polygon","coordinates":[[[85.3101741,27.7187358],[85.3103108,27.7187376],[85.3103092,27.7188292],[85.3101726,27.7188275],[85.3101741,27.7187358]]]}},
{"type":"Feature","properties":{"osm_ref":2001302,"archetype":"GENERIC","use":"UNKNOWN","levels":3,"flags":1,"height_cm":0,"min_height_cm":0,"roof_shape":"UNKNOWN","roof_material":"UNKNOWN","wall_material":"UNKNOWN","seed":352415164,"tile":"10/516/162"},"geometry":{"type":"Polygon","coordinates":[[[85.3101733,27.7188404],[85.31031,27.718838],[85.310313,27.7189698],[85.3101763,27.7189723],[85.3101733,27.7188404]]]}},
{"type":"Feature","properties":{"osm_ref":2001304,"archetype":"GENERIC","use":"HOUSE","levels":6,"flags":1,"height_cm":0,"min_height_cm":0,"roof_shape":"UNKNOWN","roof_material":"UNKNOWN","wall_material":"UNKNOWN","seed":2349349894,"tile":"10/516/162"},"geometry":{"type":"Polygon","coordinates":[[[85.3103134,27.718055],[85.3104366,27.7180537],[85.3104379,27.718151],[85.3103147,27.7181523],[85.3103134,27.718055]]]}},
{"type":"Feature","properties":{"osm_ref":2001306,"archetype":"MODERN_URBAN","use":"APARTMENTS","levels":5,"flags":1,"height_cm":0,"min_height_cm":0,"roof_shape":"FLAT","roof_material":"UNKNOWN","wall_material":"PLASTER","seed":4212067472,"tile":"10/516/162"},"geometry":{"type":"Polygon","coordinates":[[[85.3103134,27.7181641],[85.3104365,27.7181608],[85.3104409,27.7182926],[85.3103178,27.7182959],[85.3103134,27.7181641]]]}},
{"type":"Feature","properties":{"osm_ref":2001308,"archetype":"MODERN_URBAN","use":"HOTEL","levels":5,"flags":1,"height_cm":0,"min_height_cm":0,"roof_shape":"FLAT","roof_material":"UNKNOWN","wall_material":"PLASTER","seed":1701550387,"tile":"10/516/162"},"geometry":{"type":"Polygon","coordinates":[[[85.3103179,27.7183043],[85.310441,27.7183059],[85.3104394,27.7184037],[85.3103163,27.7184021],[85.3103179,27.7183043]]]}},
{"type":"Feature","properties":{"osm_ref":2001310,"archetype":"MODERN_URBAN","use":"HOTEL","levels":5,"flags":1,"height_cm":0,"min_height_cm":0,"roof_shape":"FLAT","roof_material":"UNKNOWN","wall_material":"PLASTER","seed":309111205,"tile":"10/516/162"},"geometry":{"type":"Polygon","coordinates":[[[85.3103185,27.7184138],[85.3104416,27.7184137],[85.3104417,27.7185371],[85.3103186,27.7185372],[85.3103185,27.7184138]]]}},
{"type":"Feature","properties":{"osm_ref":2001312,"archetype":"MODERN_URBAN","use":"COMMERCIAL","levels":5,"flags":1,"height_cm":0,"min_height_cm":0,"roof_shape":"FLAT","roof_material":"UNKNOWN","wall_material":"PLASTER","seed":2338715679,"tile":"10/516/162"},"geometry":{"type":"Polygon","coordinates":[[[85.3103209,27.7185475],[85.310444,27.7185485],[85.3104427,27.718682],[85.3103195,27.718681],[85.3103209,27.7185475]]]}},
{"type":"Feature","properties":{"osm_ref":2001314,"archetype":"MODERN_URBAN","use":"COMMERCIAL","levels":3,"flags":1,"height_cm":0,"min_height_cm":0,"roof_shape":"FLAT","roof_material":"UNKNOWN","wall_material":"PLASTER","seed":4234332297,"tile":"10/516/162"},"geometry":{"type":"Polygon","coordinates":[[[85.3103222,27.7186917],[85.3104454,27.7186928],[85.3104443,27.7187905],[85.3103212,27.7187895],[85.3103222,27.7186917]]]}},
{"type":"Feature","properties":{"osm_ref":2001316,"archetype":"MODERN_URBAN","use":"HOTEL","levels":3,"flags":1,"height_cm":0,"min_height_cm":0,"roof_shape":"FLAT","roof_material":"UNKNOWN","wall_material":"PLASTER","seed":1826477336,"tile":"10/516/162"},"geometry":{"type":"Polygon","coordinates":[[[85.3103225,27.7188013],[85.3104457,27.7188004],[85.3104465,27.7188899],[85.3103234,27.7188908],[85.3103225,27.7188013]]]}},
{"type":"Feature","properties":{"osm_ref":2001318,"archetype":"MODERN_URBAN","use":"COMMERCIAL","levels":5,"flags":1,"height_cm":0,"min_height_cm":0,"roof_shape":"FLAT","roof_material":"UNKNOWN","wall_material":"PLASTER","seed":467330446,"tile":"10/516/162"},"geometry":{"type":"Polygon","coordinates":[[[85.3103229,27.7189025],[85.310446,27.7188999],[85.3104488,27.7190068],[85.3103256,27.7190093],[85.3103229,27.7189025]]]}},
{"type":"Feature","properties":{"osm_ref":2001320,"archetype":"NEWAR","use":"COMMERCIAL","levels":4,"flags":1,"height_cm":0,"min_height_cm":0,"roof_shape":"UNKNOWN","roof_material":"UNKNOWN","wall_material":"BRICK","seed":1227558633,"tile":"10/516/162"},"geometry":{"type":"Polygon","coordinates":[[[85.310449,27.7180535],[85.3105698,27.7180527],[85.3105707,27.7181578],[85.3104499,27.7181586],[85.310449,27.7180535]]]}},
{"type":"Feature","properties":{"osm_ref":2001322,"archetype":"GENERIC","use":"HOUSE","levels":3,"flags":1,"height_cm":0,"min_height_cm":0,"roof_shape":"UNKNOWN","roof_material":"UNKNOWN","wall_material":"UNKNOWN","seed":1043086975,"tile":"10/516/162"},"geometry":{"type":"Polygon","coordinates":[[[85.3104497,27.7181701],[85.3105705,27.718168],[85.3105727,27.7182687],[85.3104519,27.7182708],[85.3104497,27.7181701]]]}},
{"type":"Feature","properties":{"osm_ref":2001324,"archetype":"MODERN_URBAN","use":"COMMERCIAL","levels":3,"flags":1,"height_cm":0,"min_height_cm":0,"roof_shape":"FLAT","roof_material":"UNKNOWN","wall_material":"PLASTER","seed":2804248517,"tile":"10/516/162"},"geometry":{"type":"Polygon","coordinates":[[[85.3104536,27.7182797],[85.3105744,27.7182814],[85.310572,27.7184148],[85.3104511,27.718413],[85.3104536,27.7182797]]]}},
{"type":"Feature","properties":{"osm_ref":2001326,"archetype":"NEWAR","use":"APARTMENTS","levels":4,"flags":1,"height_cm":0,"min_height_cm":0,"roof_shape":"UNKNOWN","roof_material":"UNKNOWN","wall_material":"BRICK","seed":3491913555,"tile":"10/516/162"},"geometry":{"type":"Polygon","coordinates":[[[85.310453,27.7184255],[85.3105739,27.7184239],[85.3105756,27.718527],[85.3104547,27.7185285],[85.310453,27.7184255]]]}},
{"type":"Feature","properties":{"osm_ref":2001328,"archetype":"NEWAR","use":"HOTEL","levels":4,"flags":0,"height_cm":0,"min_height_cm":0,"roof_shape":"UNKNOWN","roof_material":"UNKNOWN","wall_material":"BRICK","seed":1313262320,"tile":"10/516/162"},"geometry":{"type":"Polygon","coordinates":[[[85.3104541,27.7185396],[85.3105749,27.7185376],[85.3105776,27.7186669],[85.3104567,27.7186689],[85.3104541,27.7185396]]]}},
{"type":"Feature","properties":{"osm_ref":2001330,"archetype":"MODERN_URBAN","use":"UNKNOWN","levels":5,"flags":1,"height_cm":0,"min_height_cm":0,"roof_shape":"FLAT","roof_material":"UNKNOWN","wall_material":"PLASTER","seed":960625254,"tile":"10/516/162"},"geometry":{"type":"Polygon","coordinates":[[[85.3104577,27.7187877],[85.3105786,27.7187868],[85.3105795,27.7188893],[85.3104587,27.7188902],[85.3104577,27.7187877]]]}},
{"type":"Feature","properties":{"osm_ref":2001332,"archetype":"MODERN_URBAN","use":"APARTMENTS","levels":3,"flags":1,"height_cm":0,"min_height_cm":0,"roof_shape":"FLAT","roof_material":"UNKNOWN","wall_material":"PLASTER","seed":2689117148,"tile":"10/516/162"},"geometry":{"type":"Polygon","coordinates":[[[85.3104588,27.7189012],[85.3105797,27.7188999],[85.3105812,27.7190054],[85.3104603,27.7190067],[85.3104588,27.7189012]]]}},
{"type":"Feature","properties":{"osm_ref":2001334,"archetype":"MODERN_URBAN","use":"HOUSE","levels":6,"flags":1,"height_cm":0,"min_height_cm":0,"roof_shape":"FLAT","roof_material":"UNKNOWN","wall_material":"PLASTER","seed":3612318538,"tile":"10/516/162"},"geometry":{"type":"Polygon","coordinates":[[[85.31058,27.7180543],[85.3107247,27.7180492],[85.3107299,27.7181667],[85.3105852,27.7181717],[85.31058,27.7180543]]]}},
{"type":"Feature","properties":{"osm_ref":2001336,"archetype":"NEWAR","use":"UNKNOWN","levels":4,"flags":1,"height_cm":0,"min_height_cm":0,"roof_shape":"UNKNOWN","roof_material":"UNKNOWN","wall_material":"BRICK","seed":1206945499,"tile":"10/516/162"},"geometry":{"type":"Polygon","coordinates":[[[85.3105829,27.7181813],[85.3107276,27.7181789],[85.31073,27.7182948],[85.3105853,27.7182972],[85.3105829,27.7181813]]]}},
{"type":"Feature","properties":{"osm_ref":2001338,"archetype":"GENERIC","use":"COMMERCIAL","levels":6,"flags":1,"height_cm":0,"min_height_cm":0,"roof_shape":"UNKNOWN","roof_material":"UNKNOWN","wall_material":"UNKNOWN","seed":821540429,"tile":"10/516/162"},"geometry":{"type":"Polygon","coordinates":[[[85.3105842,27.7183083],[85.310729,27.7183054],[85.3107317,27.7184149],[85.3105869,27.7184178],[85.3105842,27.7183083]]]}},
{"type":"Feature","properties":{"osm_ref":2001340,"archetype":"GENERIC","use":"MIXED_USE","levels":3,"flags":1,"height_cm":0,"min_height_cm":0,"roof_shape":"UNKNOWN","roof_material":"UNKNOWN","wall_material":"UNKNOWN","seed":1345339304,"tile":"10/516/162"},"geometry":{"type":"Polygon","coordinates":[[[85.3105852,27.7184291],[85.3107299,27.7184253],[85.3107336,27.7185358],[85.3105888,27.7185396],[85.3105852,27.7184291]]]}},
{"type":"Feature","properties":{"osm_ref":2001342,"archetype":"GENERIC","use":"UNKNOWN","levels":3,"flags":1,"height_cm":0,"min_height_cm":0,"roof_shape":"UNKNOWN","roof_material":"UNKNOWN","wall_material":"UNKNOWN","seed":657919806,"tile":"10/516/162"},"geometry":{"type":"Polygon","coordinates":[[[85.3105881,27.718549],[85.3107329,27.7185482],[85.3107338,27.7186749],[85.310589,27.7186758],[85.3105881,27.718549]]]}},
{"type":"Feature","properties":{"osm_ref":2001344,"archetype":"MODERN_URBAN","use":"HOUSE","levels":3,"flags":1,"height_cm":0,"min_height_cm":0,"roof_shape":"FLAT","roof_material":"UNKNOWN","wall_material":"PLASTER","seed":3191758468,"tile":"10/516/162"},"geometry":{"type":"Polygon","coordinates":[[[85.3105887,27.7186876],[85.3107335,27.7186848],[85.3107363,27.7187963],[85.3105915,27.7187992],[85.3105887,27.7186876]]]}},
{"type":"Feature","properties":{"osm_ref":2001346,"archetype":"GENERIC","use":"COMMERCIAL","levels":6,"flags":1,"height_cm":0,"min_height_cm":0,"roof_shape":"UNKNOWN","roof_material":"UNKNOWN","wall_material":"UNKNOWN","seed":3375984146,"tile":"10/516/162"},"geometry":{"type":"Polygon","coordinates":[[[85.3105924,27.718808],[85.3107372,27.7188092],[85.3107357,27.7189399],[85.3105909,27.7189386],[85.3105924,27.718808]]]}},
{"type":"Feature","properties":{"osm_ref":2001348,"archetype":"MODERN_URBAN","use":"COMMERCIAL","levels":4,"flags":1,"height_cm":0,"min_height_cm":0,"roof_shape":"FLAT","roof_material":"UNKNOWN","wall_material":"PLASTER","seed":1465777073,"tile":"10/516/162"},"geometry":{"type":"Polygon","coordinates":[[[85.3107384,27.7180514],[85.3108839,27.7180491],[85.3108859,27.7181472],[85.3107404,27.7181495],[85.3107384,27.7180514]]]}},
{"type":"Feature","properties":{"osm_ref":2001350,"archetype":"MODERN_URBAN","use":"COMMERCIAL","levels":3,"flags":1,"height_cm":0,"min_height_cm":0,"roof_shape":"FLAT","roof_material":"UNKNOWN","wall_material":"PLASTER","seed":542821159,"tile":"10/516/162"},"geometry":{"type":"Polygon","coordinates":[[[85.310741,27.7181591],[85.3108865,27.7181593],[85.3108862,27.718282],[85.3107407,27.7182818],[85.310741,27.7181591]]]}},
{"type":"Feature","properties":{"osm_ref":2001352,"archetype":"MODERN_URBAN","use":"HOUSE","levels":3,"flags":1,"height_cm":0,"min_height_cm":0,"roof_shape":"FLAT","roof_material":"UNKNOWN","wall_material":"PLASTER","seed":3109264029,"tile":"10/516/162"},"geometry":{"type":"Polygon","coordinates":[[[85.3107416,27.7182936],[85.3108871,27.7182919],[85.3108884,27.7183823],[85.3107429,27.7183841],[85.3107416,27.7182936]]]}},
{"type":"Feature","properties":{"osm_ref":2001354,"archetype":"MODERN_URBAN","use":"MIXED_USE","levels":5,"flags":1,"height_cm":0,"min_height_cm":0,"roof_shape":"FLAT","roof_material":"UNKNOWN","wall_material":"PLASTER","seed":3461655051,"tile":"10/516/162"},"geometry":{"type":"Polygon","coordinates":[[[85.310743,27.7183946],[85.3108885,27.7183934],[85.3108896,27.7184989],[85.3107441,27.7185001],[85.310743,27.7183946]]]}},
{"type":"Feature","properties":{"osm_ref":2001356,"archetype":"GENERIC","use":"MIXED_USE","levels":3,"flags":1,"height_cm":0,"min_height_cm":0,"roof_shape":"UNKNOWN","roof_material":"UNKNOWN","wall_material":"UNKNOWN","seed":1592506266,"tile":"10/516/162"},"geometry":{"type":"Polygon","coordinates":[[[85.3107449,27.7185104],[85.3108905,27.7185102],[85.3108907,27.7186381],[85.3107452,27.7186384],[85.3107449,27.7185104]]]}},
{"type":"Feature","properties":{"osm_ref":2001358,"archetype":"GENERIC","use":"UNKNOWN","levels":3,"flags":1,"height_cm":0,"min_height_cm":0,"roof_shape":"UNKNOWN","roof_material":"UNKNOWN","wall_material":"UNKNOWN","seed":703366924,"tile":"10/516/162"},"geometry":{"type":"Polygon","coordinates":[[[85.3107465,27.7186492],[85.3108921,27.7186489],[85.3108925,27.718782],[85.310747,27.7187824],[85.3107465,27.7186492]]]}},
{"type":"Feature","properties":{"osm_ref":2001360,"archetype":"GENERIC","use":"APARTMENTS","levels":4,"flags":1,"height_cm":0,"min_height_cm":0,"roof_shape":"UNKNOWN","roof_material":"UNKNOWN","wall_material":"UNKNOWN","seed":3618120551,"tile":"10/516/162"},"geometry":{"type":"Polygon","coordinates":[[[85.3107476,27.7187939],[85.3108931,27.7187922],[85.3108944,27.7188813],[85.3107489,27.718883],[85.3107476,27.7187939]]]}},
{"type":"Feature","properties":{"osm_ref":2001362,"archetype":"MODERN_URBAN","use":"HOUSE","levels":4,"flags":1,"height_cm":0,"min_height_cm":0,"roof_shape":"FLAT","roof_material":"UNKNOWN","wall_material":"PLASTER","seed":2695828465,"tile":"10/516/162"},"geometry":{"type":"Polygon","coordinates":[[[85.3107488,27.7188938],[85.3108943,27.7188921],[85.3108957,27.7189888],[85.3107501,27.7189904],[85.3107488,27.7188938]]]}},
{"type":"Feature","properties":{"osm_ref":2001364,"archetype":"MODERN_URBAN","use":"APARTMENTS","levels":5,"flags":1,"height_cm":0,"min_height_cm":0,"roof_shape":"FLAT","roof_material":"UNKNOWN","wall_material":"PLASTER","seed":967197259,"tile":"10/516/162"},"geometry":{"type":"Polygon","coordinates":[[[85.3108961,27.7180498],[85.3110356,27.7180478],[85.3110379,27.7181711],[85.3108984,27.7181731],[85.3108961,27.7180498]]]}},
{"type":"Feature","properties":{"osm_ref":2001366,"archetype":"GENERIC","use":"UNKNOWN","levels":6,"flags":1,"height_cm":0,"min_height_cm":0,"roof_shape":"UNKNOWN","roof_material":"UNKNOWN","wall_material":"UNKNOWN","seed":1319203549,"tile":"10/516/162"},"geometry":{"type":"Polygon","coordinates":[[[85.3108988,27.7181828],[85.3110384,27.7181831],[85.3110381,27.7182838],[85.3108986,27.7182835],[85.3108988,27.7181828]]]}},
{"type":"Feature","properties":{"osm_ref":2001368,"archetype":"GENERIC","use":"UNKNOWN","levels":5,"flags":1,"height_cm":0,"min_height_cm":0,"roof_shape":"UNKNOWN","roof_material":"UNKNOWN","wall_material":"UNKNOWN","seed":3502630782,"tile":"10/516/162"},"geometry":{"type":"Polygon","coordinates":[[[85.3109006,27.7182938],[85.3110401,27.7182952],[85.3110389,27.7183861],[85.3108994,27.7183846],[85.3109006,27.7182938]]]}},
{"type":"Feature","properties":{"osm_ref":2001370,"archetype":"MODERN_URBAN","use":"HOTEL","levels":3,"flags":1,"height_cm":0,"min_height_cm":0,"roof_shape":"FLAT","roof_material":"UNKNOWN","wall_material":"PLASTER","seed":2814564328,"tile":"10/516/162"},"geometry":{"type":"Polygon","coordinates":[[[85.3109022,27.7183955],[85.3110417,27.7183968],[85.3110402,27.7185266],[85.3109007,27.7185253],[85.3109022,27.7183955]]]}},
{"type":"Feature","properties":{"osm_ref":2001372,"archetype":"MODERN_URBAN","use":"HOTEL","levels":6,"flags":1,"height_cm":0,"min_height_cm":0,"roof_shape":"FLAT","roof_material":"UNKNOWN","wall_material":"PLASTER","seed":1053525586,"tile":"10/516/162"},"geometry":{"type":"Polygon","coordinates":[[[85.3109038,27.7185359],[85.3110433,27.7185377],[85.3110416,27.7186402],[85.3109021,27.7186385],[85.3109038,27.7185359]]]}},
{"type":"Feature","properties":{"osm_ref":2001374,"archetype":"GENERIC","use":"COMMERCIAL","levels":5,"flags":1,"height_cm":0,"min_height_cm":0,"roof_shape":"UNKNOWN","roof_material":"UNKNOWN","wall_material":"UNKNOWN","seed":1238152900,"tile":"10/516/162"},"geometry":{"type":"Polygon","coordinates":[[[85.3109059,27.7187849],[85.3110454,27.7187846],[85.3110457,27.718907],[85.3109061,27.7189072],[85.3109059,27.7187849]]]}},
{"type":"Feature","properties":{"osm_ref":2001376,"archetype":"GENERIC","use":"HOTEL","levels":5,"flags":0,"height_cm":0,"min_height_cm":0,"roof_shape":"UNKNOWN","roof_material":"UNKNOWN","wall_material":"UNKNOWN","seed":3648236373,"tile":"10/516/162"},"geometry":{"type":"Polygon","coordinates":[[[85.3109063,27.7189192],[85.3110458,27.7189166],[85.3110482,27.7190167],[85.3109087,27.7190193],[85.3109063,27.7189192]]]}},
{"type":"Feature","properties":{"osm_ref":2001378,"archetype":"GENERIC","use":"APARTMENTS","levels":4,"flags":1,"height_cm":0,"min_height_cm":0,"roof_shape":"UNKNOWN","roof_material":"UNKNOWN","wall_material":"UNKNOWN","seed":2926877635,"tile":"10/516/162"},"geometry":{"type":"Polygon","coordinates":[[[85.3100242,27.7192466],[85.3101795,27.7192451],[85.3101808,27.7193483],[85.3100254,27.7193498],[85.3100242,27.7192466]]]}},
{"type":"Feature","properties":{"osm_ref":2001380,"archetype":"MODERN_URBAN","use":"HOTEL","levels":5,"flags":1,"height_cm":0,"min_height_cm":0,"roof_shape":"FLAT","roof_material":"UNKNOWN","wall_material":"PLASTER","seed":3467842086,"tile":"10/516/162"},"geometry":{"type":"Polygon","coordinates":[[[85.3100256,27.7193606],[85.310181,27.7193592],[85.3101823,27.7194785],[85.3100269,27.7194798],[85.3100256,27.7193606]]]}},
{"type":"Feature","properties":{"osm_ref":2001382,"archetype":"MODERN_URBAN","use":"COMMERCIAL","levels":4,"flags":1,"height_cm":0,"min_height_cm":0,"roof_shape":"FLAT","roof_material":"UNKNOWN","wall_material":"PLASTER","seed":3115590320,"tile":"10/516/162"},"geometry":{"type":"Polygon","coordinates":[[[85.3100274,27.7194904],[85.3101827,27.7194895],[85.3101838,27.719622],[85.3100284,27.7196229],[85.3100274,27.7194904]]]}},
{"type":"Feature","properties":{"osm_ref":2001384,"archetype":"GENERIC","use":"MIXED_USE","levels":5,"flags":1,"height_cm":0,"min_height_cm":0,"roof_shape":"UNKNOWN","roof_material":"UNKNOWN","wall_material":"UNKNOWN","seed":549286666,"tile":"10/516/162"},"geometry":{"type":"Polygon","coordinates":[[[85.3100307,27.7197693],[85.3101861,27.7197687],[85.3101867,27.7198711],[85.3100313,27.7198718],[85.3100307,27.7197693]]]}},
{"type":"Feature","properties":{"osm_ref":2001386,"archetype":"MODERN_URBAN","use":"UNKNOWN","levels":4,"flags":1,"height_cm":0,"min_height_cm":0,"roof_shape":"FLAT","roof_material":"UNKNOWN","wall_material":"PLASTER","seed":1471824796,"tile":"10/516/162"},"geometry":{"type":"Polygon","coordinates":[[[85.310032,27.7198827],[85.3101874,27.7198819],[85.3101881,27.7199816],[85.3100327,27.7199824],[85.310032,27.7198827]]]}},
{"type":"Feature","properties":{"osm_ref":2001388,"archetype":"MODERN_URBAN","use":"COMMERCIAL","levels":5,"flags":1,"height_cm":0,"min_height_cm":0,"roof_shape":"FLAT","roof_material":"UNKNOWN","wall_material":"PLASTER","seed":3386824255,"tile":"10/516/162"},"geometry":{"type":"Polygon","coordinates":[[[85.3100313,27.7199957],[85.3101866,27.7199901],[85.3101916,27.7200997],[85.3100363,27.7201053],[85.3100313,27.7199957]]]}},
{"type":"Feature","properties":{"osm_ref":2001390,"archetype":"MODERN_URBAN","use":"COMMERCIAL","levels":3,"flags":0,"height_cm":0,"min_height_cm":0,"roof_shape":"FLAT","roof_material":"UNKNOWN","wall_material":"PLASTER","seed":3201951401,"tile":"10/516/162"},"geometry":{"type":"Polygon","coordinates":[[[85.3101917,27.7191381],[85.31034,27.719139],[85.310339,27.7192666],[85.3101907,27.7192656],[85.3101917,27.7191381]]]}},
{"type":"Feature","properties":{"osm_ref":2001392,"archetype":"MODERN_URBAN","use":"HOTEL","levels":4,"flags":1,"height_cm":0,"min_height_cm":0,"roof_shape":"FLAT","roof_material":"UNKNOWN","wall_material":"PLASTER","seed":667989779,"tile":"10/516/162"},"geometry":{"type":"Polygon","coordinates":[[[85.3101911,27.719279],[85.3103393,27.7192749],[85.3103425,27.7193675],[85.3101943,27.7193717],[85.3101911,27.719279]]]}},
{"type":"Feature","properties":{"osm_ref":2001394,"archetype":"GENERIC","use":"COMMERCIAL","levels":6,"flags":0,"height_cm":0,"min_height_cm":0,"roof_shape":"UNKNOWN","roof_material":"UNKNOWN","wall_material":"UNKNOWN","seed":1356302213,"tile":"10/516/162"},"geometry":{"type":"Polygon","coordinates":[[[85.3101935,27.719381],[85.3103417,27.7193799],[85.3103425,27.7194706],[85.3101943,27.7194716],[85.3101935,27.719381]]]}},
{"type":"Feature","properties":{"osm_ref":2001396,"archetype":"MODERN_URBAN","use":"HOUSE","levels":4,"flags":1,"height_cm":0,"min_height_cm":0,"roof_shape":"FLAT","roof_material":"UNKNOWN","wall_material":"PLASTER","seed":3228080660,"tile":"10/516/162"},"geometry":{"type":"Polygon","coordinates":[[[85.310196,27.7194812],[85.3103443,27.7194827],[85.3103427,27.719602],[85.3101945,27.7196005],[85.310196,27.7194812]]]}},
{"type":"Feature","properties":{"osm_ref":2001398,"archetype":"NEWAR","use":"COMMERCIAL","levels":4,"flags":0,"height_cm":0,"min_height_cm":0,"roof_shape":"UNKNOWN","roof_material":"UNKNOWN","wall_material":"BRICK","seed":3077548674,"tile":"10/516/162"},"geometry":{"type":"Polygon","coordinates":[[[85.3101964,27.7196125],[85.3103447,27.7196116],[85.3103456,27.7197361],[85.3101973,27.719737],[85.3101964,27.7196125]]]}},
{"type":"Feature","properties":{"osm_ref":2001400,"archetype":"NEWAR","use":"APARTMENTS","levels":4,"flags":1,"height_cm":0,"min_height_cm":0,"roof_shape":"UNKNOWN","roof_material":"UNKNOWN","wall_material":"BRICK","seed":515097432,"tile":"10/516/162"},"geometry":{"type":"Polygon","coordinates":[[[85.3101988,27.719747],[85.3103471,27.7197477],[85.3103463,27.7198711],[85.3101981,27.7198704],[85.3101988,27.719747]]]}},
{"type":"Feature","properties":{"osm_ref":2001402,"archetype":"MODERN_URBAN","use":"MIXED_USE","levels":5,"flags":1,"height_cm":0,"min_height_cm":0,"roof_shape":"FLAT","roof_material":"UNKNOWN","wall_material":"PLASTER","seed":1773466574,"tile":"10/516/162"},"geometry":{"type":"Polygon","coordinates":[[[85.3102008,27.7198809],[85.3103491,27.7198823],[85.3103476,27.7200022],[85.3101993,27.7200007],[85.3102008,27.7198809]]]}},
{"type":"Feature","properties":{"osm_ref":2001404,"archetype":"NEWAR","use":"HOUSE","levels":4,"flags":1,"height_cm":0,"min_height_cm":0,"roof_shape":"UNKNOWN","roof_material":"UNKNOWN","wall_material":"BRICK","seed":4038959732,"tile":"10/516/162"},"geometry":{"type":"Polygon","coordinates":[[[85.3102011,27.7200128],[85.3103494,27.7200118],[85.3103504,27.7201309],[85.3102021,27.7201319],[85.3102011,27.7200128]]]}},
{"type":"Feature","properties":{"osm_ref":2001406,"archetype":"MODERN_URBAN","use":"HOUSE","levels":3,"flags":1,"height_cm":0,"min_height_cm":0,"roof_shape":"FLAT","roof_material":"UNKNOWN","wall_material":"PLASTER","seed":2277151458,"tile":"10/516/162"},"geometry":{"type":"Polygon","coordinates":[[[85.3103497,27.7191387],[85.3104673,27.7191358],[85.3104712,27.7192632],[85.3103536,27.7192661],[85.3103497,27.7191387]]]}},
{"type":"Feature","properties":{"osm_ref":2001408,"archetype":"MODERN_URBAN","use":"HOUSE","levels":5,"flags":1,"height_cm":0,"min_height_cm":0,"roof_shape":"FLAT","roof_material":"UNKNOWN","wall_material":"PLASTER","seed":433981249,"tile":"10/516/162"},"geometry":{"type":"Polygon","coordinates":[[[85.3103533,27.7192754],[85.3104709,27.7192756],[85.3104707,27.7193864],[85.3103531,27.7193862],[85.3103533,27.7192754]]]}},
{"type":"Feature","properties":{"osm_ref":2001410,"archetype":"MODERN_URBAN","use":"HOTEL","levels":5,"flags":1,"height_cm":0,"min_height_cm":0,"roof_shape":"FLAT","roof_material":"UNKNOWN","wall_material":"PLASTER","seed":1859729367,"tile":"10/516/162"},"geometry":{"type":"Polygon","coordinates":[[[85.3103536,27.719398],[85.3104713,27.7193963],[85.3104733,27.7195118],[85.3103557,27.7195134],[85.3103536,27.719398]]]}},
{"type":"Feature","properties":{"osm_ref":2001412,"archetype":"GENERIC","use":"UNKNOWN","levels":6,"flags":1,"height_cm":0,"min_height_cm":0,"roof_shape":"UNKNOWN","roof_material":"UNKNOWN","wall_material":"UNKNOWN","seed":4157630061,"tile":"10/516/162"},"geometry":{"type":"Polygon","coordinates":[[[85.310356,27.7195236],[85.3104737,27.7195233],[85.3104741,27.7196539],[85.3103565,27.7196542],[85.310356,27.7195236]]]}},
{"type":"Feature","properties":{"osm_ref":2001414,"archetype":"MODERN_URBAN","use":"MIXED_USE","levels":3,"flags":1,"height_cm":0,"min_height_cm":0,"roof_shape":"FLAT","roof_material":"UNKNOWN","wall_material":"PLASTER","seed":2161596155,"tile":"10/516/162"},"geometry":{"type":"Polygon","coordinates":[[[85.3103552,27.7196669],[85.3104728,27.719663],[85.3104783,27.7197959],[85.3103608,27.7197998],[85.3103552,27.7196669]]]}},
{"type":"Feature","properties":{"osm_ref":2001416,"archetype":"NEWAR","use":"APARTMENTS","levels":3,"flags":1,"height_cm":0,"min_height_cm":0,"roof_shape":"UNKNOWN","roof_material":"UNKNOWN","wall_material":"BRICK","seed":275270506,"tile":"10/516/162"},"geometry":{"type":"Polygon","coordinates":[[[85.3103593,27.7198089],[85.3104769,27.7198085],[85.3104775,27.7199201],[85.3103598,27.7199205],[85.3103593,27.7198089]]]}},
{"type":"Feature","properties":{"osm_ref":2001418,"archetype":"GENERIC","use":"COMMERCIAL","levels":5,"flags":1,"height_cm":0,"min_height_cm":0,"roof_shape":"UNKNOWN","roof_material":"UNKNOWN","wall_material":"UNKNOWN","seed":1735359484,"tile":"10/516/162"},"geometry":{"type":"Polygon","coordinates":[[[85.3103597,27.7199324],[85.3104773,27.7199299],[85.3104798,27.7200219],[85.3103622,27.7200245],[85.3103597,27.7199324]]]}},
{"type":"Feature","properties":{"osm_ref":2001420,"archetype":"MODERN_URBAN","use":"HOUSE","levels":4,"flags":1,"height_cm":0,"min_height_cm":0,"roof_shape":"FLAT","roof_material":"UNKNOWN","wall_material":"PLASTER","seed":128512537,"tile":"10/516/162"},"geometry":{"type":"Polygon","coordinates":[[[85.3104809,27.7191363],[85.3106387,27.7191353],[85.3106394,27.7192258],[85.3104815,27.7192268],[85.3104809,27.7191363]]]}},
{"type":"Feature","properties":{"osm_ref":2001422,"archetype":"MODERN_URBAN","use":"HOUSE","levels":4,"flags":1,"height_cm":0,"min_height_cm":0,"roof_shape":"FLAT","roof_material":"UNKNOWN","wall_material":"PLASTER","seed":1890566799,"tile":"10/516/162"},"geometry":{"type":"Polygon","coordinates":[[[85.3104835,27.7193707],[85.3106413,27.7193692],[85.3106425,27.7194695],[85.3104847,27.719471],[85.3104835,27.7193707]]]}},
{"type":"Feature","properties":{"osm_ref":2001424,"archetype":"MODERN_URBAN","use":"COMMERCIAL","levels":3,"flags":1,"height_cm":0,"min_height_cm":0,"roof_shape":"FLAT","roof_material":"UNKNOWN","wall_material":"PLASTER","seed":3920007989,"tile":"10/516/162"},"geometry":{"type":"Polygon","coordinates":[[[85.3104856,27.7194808],[85.3106434,27.7194813],[85.3106431,27.7195849],[85.3104852,27.7195844],[85.3104856,27.7194808]]]}},
{"type":"Feature","properties":{"osm_ref":2001426,"archetype":"MODERN_URBAN","use":"HOTEL","levels":5,"flags":1,"height_cm":0,"min_height_cm":0,"roof_shape":"FLAT","roof_material":"UNKNOWN","wall_material":"PLASTER","seed":2661393315,"tile":"10/516/162"},"geometry":{"type":"Polygon","coordinates":[[[85.3104871,27.719595],[85.3106449,27.7195959],[85.3106443,27.7196953],[85.3104864,27.7196944],[85.3104871,27.719595]]]}},
{"type":"Feature","properties":{"osm_ref":2001428,"archetype":"MODERN_URBAN","use":"MIXED_USE","levels":4,"flags":1,"height_cm":0,"min_height_cm":0,"roof_shape":"FLAT","roof_material":"UNKNOWN","wall_material":"PLASTER","seed":12924416,"tile":"10/516/162"},"geometry":{"type":"Polygon","coordinates":[[[85.3104882,27.7197055],[85.3106461,27.7197058],[85.3106459,27.7198144],[85.310488,27.7198142],[85.3104882,27.7197055]]]}},
{"type":"Feature","properties":{"osm_ref":2001430,"archetype":"NEWAR","use":"HOTEL","levels":3,"flags":1,"height_cm":0,"min_height_cm":0,"roof_shape":"UNKNOWN","roof_material":"UNKNOWN","wall_material":"BRICK","seed":2009204374,"tile":"10/516/162"},"geometry":{"type":"Polygon","coordinates":[[[85.3104891,27.7199719],[85.3106468,27.7199664],[85.3106512,27.7200682],[85.3104935,27.7200736],[85.3104891,27.7199719]]]}},
{"type":"Feature","properties":{"osm_ref":2001432,"archetype":"MODERN_URBAN","use":"UNKNOWN","levels":6,"flags":1,"height_cm":0,"min_height_cm":0,"roof_shape":"FLAT","roof_material":"UNKNOWN","wall_material":"PLASTER","seed":4006303532,"tile":"10/516/162"},"geometry":{"type":"Polygon","coordinates":[[[85.3106517,27.7191341],[85.3107741,27.7191346],[85.3107735,27.719255],[85.3106511,27.7192545],[85.3106517,27.7191341]]]}},
{"type":"Feature","properties":{"osm_ref":2001434,"archetype":"MODERN_URBAN","use":"MIXED_USE","levels":5,"flags":1,"height_cm":0,"min_height_cm":0,"roof_shape":"FLAT","roof_material":"UNKNOWN","wall_material":"PLASTER","seed":2580309946,"tile":"10/516/162"},"geometry":{"type":"Polygon","coordinates":[[[85.3106502,27.7192678],[85.3107725,27.7192634],[85.3107782,27.7193883],[85.3106559,27.7193927],[85.3106502,27.7192678]]]}},
{"type":"Feature","properties":{"osm_ref":2001436,"archetype":"MODERN_URBAN","use":"UNKNOWN","levels":5,"flags":1,"height_cm":0,"min_height_cm":0,"roof_shape":"FLAT","roof_material":"UNKNOWN","wall_material":"PLASTER","seed":158562859,"tile":"10/516/162"},"geometry":{"type":"Polygon","coordinates":[[[85.3106552,27.7194006],[85.3107776,27.7194021],[85.3107761,27.7195006],[85.3106537,27.7194991],[85.3106552,27.7194006]]]}},
{"type":"Feature","properties":{"osm_ref":2001438,"archetype":"MODERN_URBAN","use":"COMMERCIAL","levels":4,"flags":1,"height_cm":0,"min_height_cm":0,"roof_shape":"FLAT","roof_material":"UNKNOWN","wall_material":"PLASTER","seed":2121550525,"tile":"10/516/162"},"geometry":{"type":"Polygon","coordinates":[[[85.3106561,27.7195103],[85.3107785,27.7195111],[85.3107778,27.7196079],[85.3106554,27.7196072],[85.3106561,27.7195103]]]}},
{"type":"Feature","properties":{"osm_ref":2001440,"archetype":"NEWAR","use":"HOTEL","levels":4,"flags":1,"height_cm":0,"min_height_cm":0,"roof_shape":"UNKNOWN","roof_material":"UNKNOWN","wall_material":"BRICK","seed":746955226,"tile":"10/516/162"},"geometry":{"type":"Polygon","coordinates":[[[85.3106567,27.7196187],[85.3107792,27.7196181],[85.3107798,27.719717],[85.3106573,27.7197176],[85.3106567,27.7196187]]]}},
{"type":"Feature","properties":{"osm_ref":2001442,"archetype":"MODERN_URBAN","use":"HOUSE","levels":5,"flags":1,"height_cm":0,"min_height_cm":0,"roof_shape":"FLAT","roof_material":"UNKNOWN","wall_material":"PLASTER","seed":1535283532,"tile":"10/516/162"},"geometry":{"type":"Polygon","coordinates":[[[85.3106585,27.7197281],[85.310781,27.7197281],[85.310781,27.7198591],[85.3106585,27.7198591],[85.3106585,27.7197281]]]}},
{"type":"Feature","properties":{"osm_ref":2001444,"archetype":"NEWAR","use":"HOTEL","levels":4,"flags":1,"height_cm":0,"min_height_cm":0,"roof_shape":"UNKNOWN","roof_material":"UNKNOWN","wall_material":"BRICK","seed":3263938806,"tile":"10/516/162"},"geometry":{"type":"Polygon","coordinates":[[[85.310658,27.7198717],[85.3107804,27.7198682],[85.3107848,27.7199932],[85.3106625,27.7199967],[85.310658,27.7198717]]]}},
{"type":"Feature","properties":{"osm_ref":2001446,"archetype":"MODERN_URBAN","use":"APARTMENTS","levels":5,"flags":1,"height_cm":0,"min_height_cm":0,"roof_shape":"FLAT","roof_material":"UNKNOWN","wall_material":"PLASTER","seed":3045912672,"tile":"10/516/162"},"geometry":{"type":"Polygon","coordinates":[[[85.3106617,27.7200059],[85.3107841,27.7200057],[85.3107843,27.7201208],[85.3106619,27.720121],[85.3106617,27.7200059]]]}},
{"type":"Feature","properties":{"osm_ref":2001448,"archetype":"MODERN_URBAN","use":"HOUSE","levels":3,"flags":1,"height_cm":0,"min_height_cm":0,"roof_shape":"FLAT","roof_material":"UNKNOWN","wall_material":"PLASTER","seed":736650691,"tile":"10/516/162"},"geometry":{"type":"Polygon","coordinates":[[[85.3107833,27.719135],[85.3108936,27.7191314],[85.3108991,27.719264],[85.3107888,27.7192676],[85.3107833,27.719135]]]}},
{"type":"Feature","properties":{"osm_ref":2001450,"archetype":"MODERN_URBAN","use":"HOUSE","levels":6,"flags":1,"height_cm":0,"min_height_cm":0,"roof_shape":"FLAT","roof_material":"UNKNOWN","wall_material":"PLASTER","seed":1559188821,"tile":"10/516/162"},"geometry":{"type":"Polygon","coordinates":[[[85.3107869,27.7192772],[85.3108973,27.7192761],[85.3108988,27.7193913],[85.3107884,27.7193924],[85.3107869,27.7192772]]]}},
{"type":"Feature","properties":{"osm_ref":2001452,"archetype":"MODERN_URBAN","use":"HOUSE","levels":3,"flags":1,"height_cm":0,"min_height_cm":0,"roof_shape":"FLAT","roof_material":"UNKNOWN","wall_material":"PLASTER","seed":3320186095,"tile":"10/516/162"},"geometry":{"type":"Polygon","coordinates":[[[85.310788,27.7194035],[85.3108984,27.7194018],[85.3109007,27.7195247],[85.3107904,27.7195264],[85.310788,27.7194035]]]}},
{"type":"Feature","properties":{"osm_ref":2001454,"archetype":"MODERN_URBAN","use":"UNKNOWN","levels":4,"flags":1,"height_cm":0,"min_height_cm":0,"roof_shape":"FLAT","roof_material":"UNKNOWN","wall_material":"PLASTER","seed":3001103481,"tile":"10/516/162"},"geometry":{"type":"Polygon","coordinates":[[[85.3107899,27.7195371],[85.3109002,27.7195357],[85.3109021,27.7196524],[85.3107917,27.7196538],[85.3107899,27.7195371]]]}},
{"type":"Feature","properties":{"osm_ref":2001456,"archetype":"NEWAR","use":"HOUSE","levels":3,"flags":1,"height_cm":0,"min_height_cm":0,"roof_shape":"UNKNOWN","roof_material":"UNKNOWN","wall_material":"BRICK","seed":576596456,"tile":"10/516/162"},"geometry":{"type":"Polygon","coordinates":[[[85.3107926,27.7196635],[85.310903,27.7196643],[85.3109021,27.7197559],[85.3107917,27.719755],[85.3107926,27.7196635]]]}},
{"type":"Feature","properties":{"osm_ref":2001458,"archetype":"GENERIC","use":"MIXED_USE","levels":3,"flags":1,"height_cm":0,"min_height_cm":0,"roof_shape":"UNKNOWN","roof_material":"UNKNOWN","wall_material":"UNKNOWN","seed":1431902590,"tile":"10/516/162"},"geometry":{"type":"Polygon","coordinates":[[[85.3107919,27.7197678],[85.3109022,27.7197649],[85.3109052,27.7198536],[85.3107948,27.7198565],[85.3107919,27.7197678]]]}},
{"type":"Feature","properties":{"osm_ref":2001460,"archetype":"MODERN_URBAN","use":"COMMERCIAL","levels":6,"flags":1,"height_cm":0,"min_height_cm":0,"roof_shape":"FLAT","roof_material":"UNKNOWN","wall_material":"PLASTER","seed":899584155,"tile":"10/516/162"},"geometry":{"type":"Polygon","coordinates":[[[85.3107965,27.7199954],[85.3109069,27.7199958],[85.3109064,27.7201073],[85.310796,27.7201069],[85.3107965,27.7199954]]]}},
{"type":"Feature","properties":{"osm_ref":2001462,"archetype":"MODERN_URBAN","use":"MIXED_USE","levels":6,"flags":1,"height_cm":0,"min_height_cm":0,"roof_shape":"FLAT","roof_material":"UNKNOWN","wall_material":"PLASTER","seed":1117364237,"tile":"10/516/162"},"geometry":{"type":"Polygon","coordinates":[[[85.3109073,27.7191331],[85.3110503,27.7191306],[85.3110527,27.7192389],[85.3109096,27.7192414],[85.3109073,27.7191331]]]}},
{"type":"Feature","properties":{"osm_ref":2001464,"archetype":"GENERIC","use":"HOUSE","levels":6,"flags":1,"height_cm":0,"min_height_cm":0,"roof_shape":"UNKNOWN","roof_material":"UNKNOWN","wall_material":"UNKNOWN","seed":3683709367,"tile":"10/516/162"},"geometry":{"type":"Polygon","coordinates":[[[85.3109087,27.7192523],[85.3110518,27.7192497],[85.3110541,27.7193514],[85.310911,27.7193539],[85.3109087,27.7192523]]]}},
{"type":"Feature","properties":{"osm_ref":2001466,"archetype":"GENERIC","use":"HOTEL","levels":6,"flags":0,"height_cm":0,"min_height_cm":0,"roof_shape":"UNKNOWN","roof_material":"UNKNOWN","wall_material":"UNKNOWN","seed":2895626529,"tile":"10/516/162"},"geometry":{"type":"Polygon","coordinates":[[[85.3109123,27.7193626],[85.3110554,27.7193645],[85.3110534,27.7194818],[85.3109103,27.7194799],[85.3109123,27.7193626]]]}},
{"type":"Feature","properties":{"osm_ref":2001468,"archetype":"MODERN_URBAN","use":"MIXED_USE","levels":4,"flags":1,"height_cm":0,"min_height_cm":0,"roof_shape":"FLAT","roof_material":"UNKNOWN","wall_material":"PLASTER","seed":854807682,"tile":"10/516/162"},"geometry":{"type":"Polygon","coordinates":[[[85.3109122,27.7194921],[85.3110554,27.7194911],[85.3110562,27.7195901],[85.3109131,27.7195911],[85.3109122,27.7194921]]]}},
{"type":"Feature","properties":{"osm_ref":2001470,"archetype":"MODERN_URBAN","use":"COMMERCIAL","levels":6,"flags":1,"height_cm":0,"min_height_cm":0,"roof_shape":"FLAT","roof_material":"UNKNOWN","wall_material":"PLASTER","seed":1173644308,"tile":"10/516/162"},"geometry":{"type":"Polygon","coordinates":[[[85.3109154,27.7196004],[85.3110585,27.7196025],[85.3110561,27.7197345],[85.310913,27.7197323],[85.3109154,27.7196004]]]}},
{"type":"Feature","properties":{"osm_ref":2001472,"archetype":"MODERN_URBAN","use":"HOUSE","levels":4,"flags":1,"height_cm":0,"min_height_cm":0,"roof_shape":"FLAT","roof_material":"UNKNOWN","wall_material":"PLASTER","seed":3707581870,"tile":"10/516/162"},"geometry":{"type":"Polygon","coordinates":[[[85.3109139,27.7197463],[85.3110569,27.7197422],[85.3110607,27.7198477],[85.3109177,27.7198518],[85.3109139,27.7197463]]]}},
{"type":"Feature","properties":{"osm_ref":2001474,"archetype":"MODERN_URBAN","use":"MIXED_USE","levels":6,"flags":1,"height_cm":0,"min_height_cm":0,"roof_shape":"FLAT","roof_material":"UNKNOWN","wall_material":"PLASTER","seed":2885289272,"tile":"10/516/162"},"geometry":{"type":"Polygon","coordinates":[[[85.3109177,27.7198602],[85.3110608,27.7198611],[85.3110599,27.7199801],[85.3109168,27.7199792],[85.3109177,27.7198602]]]}},
{"type":"Feature","properties":{"osm_ref":2001476,"archetype":"GENERIC","use":"UNKNOWN","levels":6,"flags":1,"height_cm":0,"min_height_cm":0,"roof_shape":"UNKNOWN","roof_material":"UNKNOWN","wall_material":"UNKNOWN","seed":994384041,"tile":"10/516/162"},"geometry":{"type":"Polygon","coordinates":[[[85.3109193,27.7199901],[85.3110624,27.7199908],[85.3110615,27.7201213],[85.3109184,27.7201206],[85.3109193,27.7199901]]]}},
{"type":"Feature","properties":{"osm_ref":2001478,"archetype":"NEWAR","use":"MIXED_USE","levels":3,"flags":0,"height_cm":0,"min_height_cm":0,"roof_shape":"GABLED","roof_material":"TILES","wall_material":"BRICK","seed":1279404095,"tile":"10/516/162"},"geometry":{"type":"Polygon","coordinates":[[[85.3036976,27.7126574],[85.3038388,27.7126712],[85.3038288,27.7127519],[85.3036877,27.7127381],[85.3036976,27.7126574]]]}},
{"type":"Feature","properties":{"osm_ref":2001480,"archetype":"NEWAR","use":"MIXED_USE","levels":4,"flags":1,"height_cm":0,"min_height_cm":0,"roof_shape":"GABLED","roof_material":"TILES","wall_material":"BRICK","seed":2061436508,"tile":"10/516/162"},"geometry":{"type":"Polygon","coordinates":[[[85.3037011,27.7129462],[85.3038422,27.71296],[85.3038322,27.7130407],[85.3036911,27.7130269],[85.3037011,27.7129462]]]}},
{"type":"Feature","properties":{"osm_ref":2001482,"archetype":"NEWAR","use":"MIXED_USE","levels":4,"flags":1,"height_cm":0,"min_height_cm":0,"roof_shape":"GABLED","roof_material":"TILES","wall_material":"BRICK","seed":232273610,"tile":"10/516/162"},"geometry":{"type":"Polygon","coordinates":[[[85.3037045,27.713235],[85.3038456,27.7132488],[85.3038357,27.7133295],[85.3036945,27.7133157],[85.3037045,27.713235]]]}},
{"type":"Feature","properties":{"osm_ref":2001484,"archetype":"NEWAR","use":"MIXED_USE","levels":4,"flags":1,"height_cm":0,"min_height_cm":0,"roof_shape":"GABLED","roof_material":"TILES","wall_material":"BRICK","seed":2496751472,"tile":"10/516/162"},"geometry":{"type":"Polygon","coordinates":[[[85.3037114,27.7138126],[85.3038525,27.7138264],[85.3038425,27.7139071],[85.3037014,27.7138934],[85.3037114,27.7138126]]]}},
{"type":"Feature","properties":{"osm_ref":2001486,"archetype":"NEWAR","use":"HOUSE","levels":5,"flags":0,"height_cm":0,"min_height_cm":0,"roof_shape":"GABLED","roof_material":"TILES","wall_material":"BRICK","seed":3822475238,"tile":"10/516/162"},"geometry":{"type":"Polygon","coordinates":[[[85.3040019,27.7126545],[85.304143,27.7126683],[85.304133,27.712749],[85.3039919,27.7127352],[85.3040019,27.7126545]]]}},
{"type":"Feature","properties":{"osm_ref":2001488,"archetype":"NEWAR","use":"MIXED_USE","levels":4,"flags":1,"height_cm":0,"min_height_cm":0,"roof_shape":"GABLED","roof_material":"TILES","wall_material":"BRICK","seed":2108867141,"tile":"10/516/162"},"geometry":{"type":"Polygon","coordinates":[[[85.3040053,27.7129433],[85.3041464,27.7129571],[85.3041365,27.7130379],[85.3039953,27.7130241],[85.3040053,27.7129433]]]}},
{"type":"Feature","properties":{"osm_ref":2001490,"archetype":"NEWAR","use":"HOUSE","levels":3,"flags":1,"height_cm":0,"min_height_cm":0,"roof_shape":"GABLED","roof_material":"TILES","wall_material":"BRICK","seed":179696339,"tile":"10/516/162"},"geometry":{"type":"Polygon","coordinates":[[[85.3040087,27.7132321],[85.3041499,27.7132459],[85.3041399,27.7133267],[85.3039988,27.7133129],[85.3040087,27.7132321]]]}},
{"type":"Feature","properties":{"osm_ref":2001492,"archetype":"NEWAR","use":"MIXED_USE","levels":4,"flags":1,"height_cm":0,"min_height_cm":0,"roof_shape":"GABLED","roof_material":"TILES","wall_material":"BRICK","seed":2478613353,"tile":"10/516/162"},"geometry":{"type":"Polygon","coordinates":[[[85.3040122,27.7135209],[85.3041533,27.7135347],[85.3041433,27.7136155],[85.3040022,27.7136017],[85.3040122,27.7135209]]]}},
{"type":"Feature","properties":{"osm_ref":2001494,"archetype":"NEWAR","use":"MIXED_USE","levels":4,"flags":1,"height_cm":0,"min_height_cm":0,"roof_shape":"GABLED","roof_material":"TILES","wall_material":"BRICK","seed":3837498367,"tile":"10/516/162"},"geometry":{"type":"Polygon","coordinates":[[[85.3040156,27.7138097],[85.3041567,27.7138235],[85.3041468,27.7139043],[85.3040056,27.7138905],[85.3040156,27.7138097]]]}},
{"type":"Feature","properties":{"osm_ref":2001496,"archetype":"NEWAR","use":"HOUSE","levels":4,"flags":1,"height_cm":0,"min_height_cm":0,"roof_shape":"GABLED","roof_material":"TILES","wall_material":"BRICK","seed":1946455662,"tile":"10/516/162"},"geometry":{"type":"Polygon","coordinates":[[[85.3043061,27.7126516],[85.3044472,27.7126654],[85.3044373,27.7127462],[85.3042961,27.7127324],[85.3043061,27.7126516]]]}},
{"type":"Feature","properties":{"osm_ref":2001498,"archetype":"NEWAR","use":"MIXED_USE","levels":5,"flags":1,"height_cm":0,"min_height_cm":0,"roof_shape":"GABLED","roof_material":"TILES","wall_material":"BRICK","seed":50577144,"tile":"10/516/162"},"geometry":{"type":"Polygon","coordinates":[[[85.3043095,27.7129404],[85.3044507,27.7129542],[85.3044407,27.713035],[85.3042996,27.7130212],[85.3043095,27.7129404]]]}},
{"type":"Feature","properties":{"osm_ref":2001500,"archetype":"NEWAR","use":"HOUSE","levels":5,"flags":1,"height_cm":0,"min_height_cm":0,"roof_shape":"GABLED","roof_material":"TILES","wall_material":"BRICK","seed":1673803549,"tile":"10/516/162"},"geometry":{"type":"Polygon","coordinates":[[[85.304313,27.7132292],[85.3044541,27.713243],[85.3044441,27.7133238],[85.304303,27.71331],[85.304313,27.7132292]]]}},
{"type":"Feature","properties":{"osm_ref":2001502,"archetype":"NEWAR","use":"HOUSE","levels":5,"flags":1,"height_cm":0,"min_height_cm":0,"roof_shape":"GABLED","roof_material":"TILES","wall_material":"BRICK","seed":348325771,"tile":"10/516/162"},"geometry":{"type":"Polygon","coordinates":[[[85.3043164,27.7135181],[85.3044575,27.7135319],[85.3044476,27.7136126],[85.3043064,27.7135988],[85.3043164,27.7135181]]]}},
{"type":"Feature","properties":{"osm_ref":2001504,"archetype":"NEWAR","use":"HOUSE","levels":4,"flags":1,"height_cm":0,"min_height_cm":0,"roof_shape":"GABLED","roof_material":"TILES","wall_material":"BRICK","seed":2378847793,"tile":"10/516/162"},"geometry":{"type":"Polygon","coordinates":[[[85.3043198,27.7138069],[85.304461,27.7138207],[85.304451,27.7139014],[85.3043099,27.7138876],[85.3043198,27.7138069]]]}},
{"type":"Feature","properties":{"osm_ref":2001506,"archetype":"NEWAR","use":"HOUSE","levels":5,"flags":1,"height_cm":0,"min_height_cm":0,"roof_shape":"GABLED","roof_material":"TILES","wall_material":"BRICK","seed":4207765159,"tile":"10/516/162"},"geometry":{"type":"Polygon","coordinates":[[[85.3046103,27.7126488],[85.3047515,27.7126626],[85.3047415,27.7127433],[85.3046004,27.7127295],[85.3046103,27.7126488]]]}},
{"type":"Feature","properties":{"osm_ref":2001508,"archetype":"NEWAR","use":"MIXED_USE","levels":5,"flags":1,"height_cm":0,"min_height_cm":0,"roof_shape":"GABLED","roof_material":"TILES","wall_material":"BRICK","seed":1688859396,"tile":"10/516/162"},"geometry":{"type":"Polygon","coordinates":[[[85.3046138,27.7129376],[85.3047549,27.7129514],[85.3047449,27.7130321],[85.3046038,27.7130183],[85.3046138,27.7129376]]]}},
{"type":"Feature","properties":{"osm_ref":2001510,"archetype":"NEWAR","use":"HOUSE","levels":5,"flags":1,"height_cm":0,"min_height_cm":0,"roof_shape":"GABLED","roof_material":"TILES","wall_material":"BRICK","seed":330220434,"tile":"10/516/162"},"geometry":{"type":"Polygon","coordinates":[[[85.3046206,27.7135152],[85.3047618,27.713529],[85.3047518,27.7136097],[85.3046107,27.7135959],[85.3046206,27.7135152]]]}},
{"type":"Feature","properties":{"osm_ref":2001512,"archetype":"NEWAR","use":"HOUSE","levels":5,"flags":1,"height_cm":0,"min_height_cm":0,"roof_shape":"GABLED","roof_material":"TILES","wall_material":"BRICK","seed":2326237736,"tile":"10/516/162"},"geometry":{"type":"Polygon","coordinates":[[[85.3049146,27.7126459],[85.3050557,27.7126597],[85.3050457,27.7127404],[85.3049046,27.7127266],[85.3049146,27.7126459]]]}},
{"type":"Feature","properties":{"osm_ref":2001514,"archetype":"NEWAR","use":"MIXED_USE","levels":4,"flags":1,"height_cm":0,"min_height_cm":0,"roof_shape":"GABLED","roof_material":"TILES","wall_material":"BRICK","seed":4255163070,"tile":"10/516/162"},"geometry":{"type":"Polygon","coordinates":[[[85.304918,27.7129347],[85.3050591,27.7129485],[85.3050492,27.7130292],[85.304908,27.7130155],[85.304918,27.7129347]]]}},
{"type":"Feature","properties":{"osm_ref":2001516,"archetype":"NEWAR","use":"HOUSE","levels":5,"flags":0,"height_cm":0,"min_height_cm":0,"roof_shape":"GABLED","roof_material":"TILES","wall_material":"BRICK","seed":1830797103,"tile":"10/516/162"},"geometry":{"type":"Polygon","coordinates":[[[85.3049214,27.7132235],[85.3050626,27.7132373],[85.3050526,27.7133181],[85.3049115,27.7133043],[85.3049214,27.7132235]]]}},
{"type":"Feature","properties":{"osm_ref":2001518,"archetype":"NEWAR","use":"HOUSE","levels":4,"flags":1,"height_cm":0,"min_height_cm":0,"roof_shape":"GABLED","roof_material":"TILES","wall_material":"BRICK","seed":437817273,"tile":"10/516/162"},"geometry":{"type":"Polygon","coordinates":[[[85.3049249,27.7135123],[85.305066,27.7135261],[85.3050561,27.7136069],[85.3049149,27.7135931],[85.3049249,27.7135123]]]}},
{"type":"Feature","properties":{"osm_ref":2001520,"archetype":"NEWAR","use":"HOUSE","levels":3,"flags":1,"height_cm":0,"min_height_cm":0,"roof_shape":"GABLED","roof_material":"TILES","wall_material":"BRICK","seed":1223255262,"tile":"10/516/162"},"geometry":{"type":"Polygon","coordinates":[[[85.3049283,27.7138011],[85.3050695,27.7138149],[85.3050595,27.7138957],[85.3049184,27.7138819],[85.3049283,27.7138011]]]}},
{"type":"Feature","properties":{"osm_ref":2001522,"archetype":"NEWAR","use":"HOUSE","levels":5,"flags":1,"height_cm":0,"min_height_cm":0,"roof_shape":"GABLED","roof_material":"TILES","wall_material":"BRICK","seed":1072583752,"tile":"10/516/162"},"geometry":{"type":"Polygon","coordinates":[[[85.3052188,27.712643],[85.3053599,27.7126568],[85.30535,27.7127376],[85.3052088,27.7127238],[85.3052188,27.712643]]]}},
{"type":"Feature","properties":{"osm_ref":2001524,"archetype":"NEWAR","use":"MIXED_USE","levels":4,"flags":0,"height_cm":0,"min_height_cm":0,"roof_shape":"GABLED","roof_material":"TILES","wall_material":"BRICK","seed":2800158194,"tile":"10/516/162"},"geometry":{"type":"Polygon","coordinates":[[[85.3052291,27.7135095],[85.3053703,27.7135233],[85.3053603,27.713604],[85.3052192,27.7135902],[85.3052291,27.7135095]]]}},
{"type":"Feature","properties":{"osm_ref":2001526,"archetype":"NEWAR","use":"MIXED_USE","levels":5,"flags":1,"height_cm":0,"min_height_cm":0,"roof_shape":"GABLED","roof_material":"TILES","wall_material":"BRICK","seed":3521131876,"tile":"10/516/162"},"geometry":{"type":"Polygon","coordinates":[[[85.3052326,27.7137983],[85.3053737,27.7138121],[85.3053637,27.7138928],[85.3052226,27.713879],[85.3052326,27.7137983]]]}},
{"type":"Feature","properties":{"osm_ref":2001528,"archetype":"NEWAR","use":"MIXED_USE","levels":4,"flags":0,"height_cm":0,"min_height_cm":0,"roof_shape":"GABLED","roof_material":"TILES","wall_material":"BRICK","seed":1334091975,"tile":"10/516/162"},"geometry":{"type":"Polygon","coordinates":[[[85.305523,27.7126402],[85.3056642,27.712654],[85.3056542,27.7127347],[85.3055131,27.7127209],[85.305523,27.7126402]]]}},
{"type":"Feature","properties":{"osm_ref":2001530,"archetype":"NEWAR","use":"HOUSE","levels":3,"flags":0,"height_cm":0,"min_height_cm":0,"roof_shape":"GABLED","roof_material":"TILES","wall_material":"BRICK","seed":948146257,"tile":"10/516/162"},"geometry":{"type":"Polygon","coordinates":[[[85.3055265,27.712929],[85.3056676,27.7129428],[85.3056577,27.7130235],[85.3055165,27.7130097],[85.3055265,27.712929]]]}},
{"type":"Feature","properties":{"osm_ref":2001532,"archetype":"NEWAR","use":"HOUSE","levels":3,"flags":1,"height_cm":0,"min_height_cm":0,"roof_shape":"GABLED","roof_material":"TILES","wall_material":"BRICK","seed":2710225387,"tile":"10/516/162"},"geometry":{"type":"Polygon","coordinates":[[[85.3055299,27.7132178],[85.3056711,27.7132316],[85.3056611,27.7133123],[85.30552,27.7132985],[85.3055299,27.7132178]]]}},
{"type":"Feature","properties":{"osm_ref":2001534,"archetype":"NEWAR","use":"HOUSE","levels":5,"flags":1,"height_cm":0,"min_height_cm":0,"roof_shape":"GABLED","roof_material":"TILES","wall_material":"BRICK","seed":3599626621,"tile":"10/516/162"},"geometry":{"type":"Polygon","coordinates":[[[85.3055334,27.7135066],[85.3056745,27.7135204],[85.3056645,27.7136011],[85.3055234,27.7135873],[85.3055334,27.7135066]]]}},
{"type":"Feature","properties":{"osm_ref":2001536,"archetype":"NEWAR","use":"MIXED_USE","levels":5,"flags":1,"height_cm":0,"min_height_cm":0,"roof_shape":"GABLED","roof_material":"TILES","wall_material":"BRICK","seed":1177742572,"tile":"10/516/162"},"geometry":{"type":"Polygon","coordinates":[[[85.3055368,27.7137954],[85.3056779,27.7138092],[85.305668,27.7138899],[85.3055268,27.7138761],[85.3055368,27.7137954]]]}},
{"type":"Feature","properties":{"osm_ref":2001538,"archetype":"NEWAR","use":"HOUSE","levels":4,"flags":4,"height_cm":0,"min_height_cm":0,"roof_shape":"GABLED","roof_material":"TILES","wall_material":"BRICK","seed":825613434,"name":"Chowk Ghar","name_en":"Chowk Ghar","name_ne":"चोक घर","tile":"10/516/162"},"geometry":{"type":"Polygon","coordinates":[[[85.306496,27.7122276],[85.307003,27.7122228],[85.3070084,27.712674],[85.3065013,27.7126788],[85.306496,27.7122276]],[[85.3066189,27.7123347],[85.3066217,27.7125694],[85.3068854,27.7125669],[85.3068826,27.7123322],[85.3066189,27.7123347]]]}},
{"type":"Feature","properties":{"osm_ref":2001540,"archetype":"TEMPLE_PAGODA","use":"RELIGIOUS","levels":3,"flags":12,"height_cm":0,"min_height_cm":0,"roof_shape":"PAGODA","roof_material":"TILES","wall_material":"BRICK","seed":1374836127,"name":"Ganesh Mandir","name_en":"Ganesh Mandir","name_ne":"गणेश मन्दिर","tile":"10/516/162"},"geometry":{"type":"Polygon","coordinates":[[[85.3068583,27.7179468],[85.30698,27.7179457],[85.3069813,27.718054],[85.3068596,27.7180551],[85.3068583,27.7179468]]]}},
{"type":"Feature","properties":{"osm_ref":2001542,"archetype":"TEMPLE_SHIKHARA","use":"RELIGIOUS","levels":2,"flags":1,"height_cm":0,"min_height_cm":0,"roof_shape":"SHIKHARA","roof_material":"UNKNOWN","wall_material":"STONE","seed":653616393,"name":"Shiva Mandir","name_en":"Shiva Mandir","name_ne":"शिव मन्दिर","tile":"10/516/162"},"geometry":{"type":"Polygon","coordinates":[[[85.3073376,27.7177392],[85.3074086,27.7177385],[85.3074093,27.7178017],[85.3073383,27.7178024],[85.3073376,27.7177392]]]}},
{"type":"Feature","properties":{"osm_ref":2001544,"archetype":"SHRINE","use":"RELIGIOUS","levels":1,"flags":1,"height_cm":0,"min_height_cm":0,"roof_shape":"UNKNOWN","roof_material":"UNKNOWN","wall_material":"UNKNOWN","seed":3220976819,"name":"Sano Devalaya","name_en":"Sano Devalaya","name_ne":"","tile":"10/516/162"},"geometry":{"type":"Polygon","coordinates":[[[85.3065888,27.7174619],[85.3065832,27.7174779],[85.3065681,27.7174879],[85.3065493,27.7174881],[85.3065339,27.7174784],[85.3065279,27.7174625],[85.3065335,27.7174465],[85.3065486,27.7174366],[85.3065674,27.7174364],[85.3065828,27.7174461],[85.3065888,27.7174619]]]}},
{"type":"Feature","properties":{"osm_ref":2001546,"archetype":"STUPA","use":"RELIGIOUS","levels":2,"flags":8,"height_cm":0,"min_height_cm":0,"roof_shape":"DOME","roof_material":"UNKNOWN","wall_material":"UNKNOWN","seed":3371893797,"name":"Kathe Chaitya","name_en":"Kathe Chaitya","name_ne":"काठे चैत्य","tile":"10/516/162"},"geometry":{"type":"Polygon","coordinates":[[[85.3080887,27.7173575],[85.3080852,27.7173832],[85.3080743,27.7174073],[85.3080568,27.717428],[85.3080339,27.717444],[85.3080071,27.7174542],[85.3079783,27.7174578],[85.3079494,27.7174547],[85.3079223,27.7174451],[85.3078991,27.7174295],[85.3078811,27.7174091],[85.3078696,27.7173853],[85.3078655,27.7173596],[85.307869,27.7173339],[85.3078799,27.7173098],[85.3078974,27.7172891],[85.3079203,27.7172731],[85.3079471,27.7172629],[85.3079759,27.7172593],[85.3080048,27.7172624],[85.3080319,27.7172721],[85.3080551,27.7172876],[85.3080731,27.717308],[85.3080845,27.7173319],[85.3080887,27.7173575]]]}},
{"type":"Feature","properties":{"osm_ref":2001548,"archetype":"INSTITUTIONAL","use":"EDUCATION","levels":3,"flags":1,"height_cm":0,"min_height_cm":0,"roof_shape":"FLAT","roof_material":"UNKNOWN","wall_material":"PLASTER","seed":1453298054,"name":"Sample School","name_en":"Sample School","name_ne":"","tile":"10/516/162"},"geometry":{"type":"Polygon","coordinates":[[[85.30728,27.7190211],[85.3075029,27.7190289],[85.3074981,27.7191371],[85.3072752,27.7191293],[85.30728,27.7190211]]]}},
{"type":"Feature","properties":{"osm_ref":2001550,"archetype":"MODERN_URBAN","use":"HOTEL","levels":7,"flags":2,"height_cm":2350,"min_height_cm":0,"roof_shape":"FLAT","roof_material":"UNKNOWN","wall_material":"GLASS","seed":563650832,"name":"Hotel (sample)","name_en":"Hotel (sample)","name_ne":"","tile":"10/516/162"},"geometry":{"type":"Polygon","coordinates":[[[85.3055206,27.7197467],[85.3058248,27.7197438],[85.3058265,27.7198882],[85.3055223,27.7198911],[85.3055206,27.7197467]]]}}
]}
